from_node,to_node,weight
MD_C1,MD_C1,0.33333
MD_C10H10N2O2,MD_C3H5N1O1,2.66667
MD_C10H11N5O3,MD_C1H1N1,0.16667
MD_C10H11N5O3,MD_C1H2,1.97917
MD_C10H11N5O3,MD_C1H3,0.22917
MD_C10H11N5O3,MD_C1H4S1,0.16667
MD_C10H11N5O3,MD_C1H5N1O1S1,0.1875
MD_C10H11N5O3,MD_C1O2,0.9375
MD_C10H11N5O3,MD_C4H7N1O2,0.375
MD_C10H11N5O3,MD_O1,3.14583
MD_C10H12N5O6P1,MD_C1O2,2.21569
MD_C10H12N5O6P1,MD_C2H2O1,1.47059
MD_C10H12N5O6P1,MD_C4H10O5P1,0.35294
MD_C10H12N5O6P1,MD_C4H2N5O1P1,0.82353
MD_C10H12N5O6P1,MD_C6H12N4O1,0.82353
MD_C10H12N5O6P1,MD_H1O3P1,21.45882
MD_C10H12N5O6P1,MD_H2,7.27451
MD_C10H12N5O6P1,MD_H2O1,4.41176
MD_C10H12N5O7P1,MD_C10H12N5O6P1,3.91667
MD_C10H12N5O7P1,MD_C6H9O2P1,0.66667
MD_C10H13N2O7P1,MD_H2O1,80.4
MD_C10H13N5O10P2,MD_C10H12N5O7P1,0.77778
MD_C10H13N5O10P2,MD_H1S1,0.22222
MD_C10H13N5O10P2,MD_O3,0.44444
MD_C10H13N5O6P1,MD_N1O1,1.08333
MD_C10H13N5O6P1,MD_O3P1,1.66667
MD_C10H13N5O9P2,MD_C1O2,6.41667
MD_C10H13N5O9P2,MD_C2H2O1,3.25
MD_C10H14N5O12P3,MD_C10H12N5O6P1,7.33333
MD_C10H15N3O5S1,MD_C10H15N3O5S1,1.5
MD_C10H15N3O5S1,MD_H2,137.76
MD_C10H16,MD_C15H22O7P2,0.28889
MD_C10H16,MD_C15H24,0.31111
MD_C10H16,MD_C3H6O6P2,0.28889
MD_C10H16,MD_C40H64,0.31111
MD_C10H16,MD_H1O3P1,18.4
MD_C10H16,MD_H2O6P2,1.17778
MD_C10H16,MD_H4O7P2,8.0
MD_C10H17N2O7P1,MD_C8H13N1O5,2.33333
MD_C10H17N3O6S1,MD_C5H7N1O3,3.33333
MD_C10H17N3O6S1,MD_H2O1,16.0
MD_C10H2O5P2,MD_H2,55.33333
MD_C10H7N1O1,MD_C5H8O4,0.5
MD_C10H7N1O1,MD_C6H10O5,8.91667
MD_C10H8N2O3S2,MD_O3S1,2.33333
MD_C11H10O4,MD_C1H2,4.125
MD_C11H10O4,MD_C1H2N1O5,0.08333
MD_C11H10O4,MD_C21H34N7O15P3S1,2.25
MD_C11H10O4,MD_C21H34N7O16P3S1,0.16667
MD_C11H12O3,MD_C6H10O5,17.83333
MD_C11H19N4O5P2S1,MD_C9H15N4O4P2S1,1.33333
MD_C12H16O12,MD_C12H10O12,0.5
MD_C12H20O10,MD_C6H10O5,50.0
MD_C12H26N7O14P3S1,MD_C13H28N7O15P3S1,0.5
MD_C14H24N7O10P3S1,MD_C7H10O5,0.33333
MD_C15H22N5O13P2,MD_C1H3,0.33333
MD_C15H22N5O13P2,MD_C5H9O4,0.125
MD_C15H22N5O13P2,MD_C5H9O7P1,0.875
MD_C15H22N5O13P2,MD_H1N1O1,2.375
MD_C15H22O2,MD_C1H2,14.83333
MD_C15H22O7P2,MD_C1H2,3.33333
MD_C15H22O7P2,MD_C2H4,0.7
MD_C15H22O7P2,MD_H2O1,3.8
MD_C15H22O7P2,MD_H2O7P2,0.1
MD_C15H22O7P2,MD_O1,4.83333
MD_C15H23N5O16P3,MD_C6H6N1O2,0.5
MD_C15H24,MD_C1H4O6P2,0.1
MD_C15H24,MD_C20H30O7P2,0.11667
MD_C15H24,MD_C20H32,0.2
MD_C15H24,MD_C35H56,0.13333
MD_C15H24,MD_H2,5.6
MD_C15H24,MD_H2O1,3.16667
MD_C15H24,MD_H2O6P2,1.7625
MD_C15H24,MD_H2O7P2,0.11667
MD_C15H24,MD_H4O7P2,3.4875
MD_C15H24,MD_H6,0.13333
MD_C15H24N4O7,MD_C6H10N2O2,0.66667
MD_C15H30N7O13P3S1,MD_C6H10O5,40.5
MD_C15H30N7O14P3S1,MD_C1H2,16.83333
MD_C15H8O6,MD_C6H10O5,17.83333
MD_C16H26N7O12P3S1,MD_H2O1,31.0
MD_C16H28N7O10P3S1,MD_H2O1,31.33333
MD_C16H30N7O15P3S1,MD_C1H2,7.5
MD_C16H30N7O15P3S1,MD_C2H4,1.83333
MD_C17H28N2O12S1,MD_H2,58.83333
MD_C17H30N7O10P3S1,MD_H2O1,31.0
MD_C18H35N1O1,MD_O3S1,2.66667
MD_C19H21N7O5,MD_C5H7N1O3,3.08333
MD_C19H21N7O5,MD_H1O1,1.08333
MD_C19H30N7O15P3S1,MD_C1O2,3.16667
MD_C19H30N7O15P3S1,MD_H2,27.58333
MD_C19H32N7O12P3S1,MD_C1O2,6.16667
MD_C19H32N7O12P3S1,MD_C21H34N7O15P3S1,5.0
MD_C19H32O2,MD_C1H2,14.83333
MD_C1H1N1O1,MD_C4H5N1O3,1.06667
MD_C1H1N1O1,MD_H2O1,42.45
MD_C1H1N1O2S1,MD_C3H7N1O2S1,0.66667
MD_C1H1N1O3S2,MD_C28H39N6O13P1S2,1.0
MD_C1H1N1O3S2,MD_C33H46N7O16P1S2,1.0
MD_C1H1O1P1,MD_H2O1,10.08333
MD_C1H1O1P1,MD_H2O3S1,0.83333
MD_C1H1O5P1,MD_C2N1O1P1,0.22222
MD_C1H1O5P1,MD_C4H4N1P1,0.44444
MD_C1H1O5P1,MD_H1O3P1,14.72222
MD_C1H2,MD_C10H12N5O6P1,0.32213
MD_C1H2,MD_C10H12O4,0.27731
MD_C1H2,MD_C11H14O4,0.27731
MD_C1H2,MD_C15H30N7O13P3S1,0.2493
MD_C1H2,MD_C1H1N1O1,0.27171
MD_C1H2,MD_C1H2,12.57545
MD_C1H2,MD_C1H2N2,0.26611
MD_C1H2,MD_C1H3,1.5630300000000001
MD_C1H2,MD_C1H5,0.2465
MD_C1H2,MD_C1O2,0.47899
MD_C1H2,MD_C21H34N7O15P3S1,3.38936
MD_C1H2,MD_C21H34N7O16P3S1,1.0084
MD_C1H2,MD_C28H39N6O13P1S2,0.26891
MD_C1H2,MD_C2H2,0.28011
MD_C1H2,MD_C2H2O1,0.34174
MD_C1H2,MD_C2H2O2,2.2409
MD_C1H2,MD_C2H2O2S1,0.2605
MD_C1H2,MD_C2H3N1O1,0.29412
MD_C1H2,MD_C2H4,0.28571
MD_C1H2,MD_C33H46N7O16P1S2,0.26891
MD_C1H2,MD_C3H4O2,0.28011
MD_C1H2,MD_C3H5N1O2,0.27731
MD_C1H2,MD_C4H4O4S1,0.2521
MD_C1H2,MD_C4H7N1O1S1,0.28571
MD_C1H2,MD_C4H7N1O2,0.27451
MD_C1H2,MD_C4H7N1O2S1,0.2465
MD_C1H2,MD_C5H3N5O1,0.28852
MD_C1H2,MD_C5H7N1O3,0.2493
MD_C1H2,MD_C5H8O4,0.27171
MD_C1H2,MD_C5H9O7P1,0.33333
MD_C1H2,MD_C6H10O3,0.59874
MD_C1H2,MD_C6H10O4,0.9958
MD_C1H2,MD_C6H10O5,8.01681
MD_C1H2,MD_C6H8O6,0.29972
MD_C1H2,MD_C7H12O3,0.28011
MD_C1H2,MD_C9H12N3O7P1,0.33894
MD_C1H2,MD_H1N1O1,0.43417
MD_C1H2,MD_H1N1O3S2,0.2549
MD_C1H2,MD_H1O3P1,7.07283
MD_C1H2,MD_H2,14.38235
MD_C1H2,MD_H2O1,9.30882
MD_C1H2,MD_H2O6P2,1.27311
MD_C1H2,MD_H3N1O1,1.2479
MD_C1H2,MD_H3N1O5P2,0.28011
MD_C1H2,MD_H4O1,0.27731
MD_C1H2,MD_O1,6.77206
MD_C1H2,MD_O2,0.95798
MD_C1H2,MD_O3S1,0.27731
MD_C1H2N1O5,MD_C11H10O4,0.16667
MD_C1H2N1O5,MD_C2H6O1,0.25
MD_C1H2N2,MD_C14H8O2,0.09524
MD_C1H2N2,MD_C1H1N1O1,0.45536
MD_C1H2N2,MD_C1H2,1.13095
MD_C1H2N2,MD_C1O2,0.53571
MD_C1H2N2,MD_C2H2O1,0.5
MD_C1H2N2,MD_H1N1O1,2.19643
MD_C1H2N2,MD_H1O3P1,11.614290000000002
MD_C1H2N2,MD_H2,4.02381
MD_C1H2N2,MD_H2O1,2.28571
MD_C1H2N2,MD_H3N1,0.28571
MD_C1H2N2,MD_H3N1O1,3.16071
MD_C1H2N2,MD_H5N1,0.10714
MD_C1H2N2,MD_O1,1.79762
MD_C1H2O1,MD_C15H30O1,0.07071
MD_C1H2O1,MD_C1H2O2,0.30303
MD_C1H2O1,MD_C27H20N2O12,0.10101
MD_C1H2O1,MD_C28H38N5O13P1,0.06061
MD_C1H2O1,MD_C2H2O1,0.53535
MD_C1H2O1,MD_C3H2N2O1,0.06061
MD_C1H2O1,MD_C43H71O5P1,0.07071
MD_C1H2O1,MD_C43H87O5P1,0.07071
MD_C1H2O1,MD_C4H7N1O1S1,0.09091
MD_C1H2O1,MD_C4H7N1O1Se1,0.08081
MD_C1H2O1,MD_C8H5N1O1,0.09091
MD_C1H2O1,MD_H1O3P1,6.11364
MD_C1H2O1,MD_H2,3.39394
MD_C1H2O1,MD_H2O1,4.34091
MD_C1H2O1,MD_H3N1O1,0.82828
MD_C1H2O1,MD_O1S1,0.06061
MD_C1H2O2,MD_C1H2O2,0.30864
MD_C1H2O2,MD_C1O2,5.73333
MD_C1H2O2,MD_C21H34N7O15P3S1,7.28395
MD_C1H2O2,MD_C2H4O2,2.96296
MD_C1H2O2,MD_C5H8,0.35802
MD_C1H2O2,MD_H1O3P1,8.0
MD_C1H2O2,MD_H2,16.88889
MD_C1H2O2,MD_H2O1,29.55556
MD_C1H2O2,MD_H3N1,0.50617
MD_C1H2O2,MD_O1,2.07407
MD_C1H2O3,MD_C1H2O2,0.63889
MD_C1H2O3,MD_C1H3O6P1,0.36111
MD_C1H2O3,MD_C1O2,5.25
MD_C1H2O3,MD_C3H4O3,0.97222
MD_C1H2O3,MD_H2O1,5.44444
MD_C1H2O3,MD_H3N1O1,2.13889
MD_C1H3N1S1,MD_C3H7N1O2S1,0.66667
MD_C1H4N1O5P1,MD_C2H2O1,8.16667
MD_C1H4N2O1,MD_H1N1O1,9.83333
MD_C1H4O2,MD_C3H6O1,0.33333
MD_C1H4O2,MD_C4H8O1,0.27778
MD_C1H4O2,MD_C7H6O2,0.27778
MD_C1H5N1,MD_C8H9N1O1,0.11111
MD_C1H5N1,MD_H2,18.38889
MD_C1H5N1,MD_H3N1,0.94444
MD_C1H5N1O1,MD_C1H1N1O3S2,0.16667
MD_C1H5N1O1,MD_C1H2,2.93333
MD_C1H5N1O1,MD_C1H2O1,0.23333
MD_C1H5N1O1,MD_C1O1,0.33333
MD_C1H5N1O1,MD_C6H11N3O2,0.1
MD_C1H5N1O1S1,MD_C1H2O2,0.43333
MD_C1H5N1O1S1,MD_C1O2,1.23333
MD_C1H5N1O1S1,MD_C2H4O1,0.13333
MD_C1H5N1O1S1,MD_C3H8N2O1S1,0.06667
MD_C1H5N1O1S1,MD_C3H8N2O1Se1,0.05
MD_C1H5N1O1S1,MD_C4H7N1O3,0.05
MD_C1H5N1O1S1,MD_H1N1O1,0.96667
MD_C1H5N1O1S1,MD_H2,5.9
MD_C1H5N1O1S1,MD_H3N1,0.11667
MD_C1H5N1O1S1,MD_H3N1O1,1.3
MD_C1H5N1O1Se1,MD_C5H7N1O3,0.33333
MD_C1H5N1O1Se1,MD_H3N1O1,5.58333
MD_C1H5O2,MD_C3H6N1O2,0.83333
MD_C1N2O1,MD_H2O1,30.83333
MD_C1O1,MD_C10H12N5O6P1,0.25
MD_C1O1,MD_C12H21N1O9,0.08333
MD_C1O1,MD_C12H23N3O6,0.09167
MD_C1O1,MD_C14H10O2S2,0.08333
MD_C1O1,MD_C15H21N5O13P2,0.0875
MD_C1O1,MD_C19H22N2O1,0.0875
MD_C1O1,MD_C1O2,0.2375
MD_C1O1,MD_C20H24N2O1,0.0875
MD_C1O1,MD_C23H42N4O14,0.0875
MD_C1O1,MD_C23H43N5O13,0.0875
MD_C1O1,MD_C25H41N8O16P3S1,0.08333
MD_C1O1,MD_C29H49N3O17P2,0.09167
MD_C1O1,MD_C3H2O2,0.09167
MD_C1O1,MD_C3H5N1O1,0.13333
MD_C1O1,MD_C3H5N1O2,0.12917
MD_C1O1,MD_C4H10N2O1,0.08333
MD_C1O1,MD_C4H1N2O1P1,0.0875
MD_C1O1,MD_C4H4O5,0.1
MD_C1O1,MD_C4H5N1O3,0.10417
MD_C1O1,MD_C4H7N1O1,0.08333
MD_C1O1,MD_C4H8N2O1,0.0875
MD_C1O1,MD_C5H10N2O1,0.10417
MD_C1O1,MD_C5H4O2,0.09167
MD_C1O1,MD_C5H7N1O3,0.21667
MD_C1O1,MD_C5H9N1O1,0.09167
MD_C1O1,MD_C5H9N1O3,0.07083
MD_C1O1,MD_C6H11N1O4,0.09583
MD_C1O1,MD_C6H11N3O2,0.0875
MD_C1O1,MD_C6H12N1O7P1,0.09167
MD_C1O1,MD_C6H12N2O1,0.0875
MD_C1O1,MD_C6H9N1O2,0.08333
MD_C1O1,MD_C7H12N2O3,0.1
MD_C1O1,MD_C7H17N3O1,0.08333
MD_C1O1,MD_C8H6O3,0.0875
MD_C1O1,MD_C8H9N1O1,0.08333
MD_C1O1,MD_H1N1O1,0.7125
MD_C1O1,MD_H1O1,0.11667
MD_C1O1,MD_H1O3P1,0.72083
MD_C1O1,MD_H2O1,0.80417
MD_C1O1,MD_O1,1.52812
MD_C1O2,MD_C10H12N5O6P1,0.24619
MD_C1O2,MD_C10H16,0.18301
MD_C1O2,MD_C10H8O3,0.82353
MD_C1O2,MD_C12H24O2,0.08279
MD_C1O2,MD_C17H22O9,0.08497
MD_C1O2,MD_C1H1N1O1,0.90196
MD_C1O2,MD_C1H1O1P1,0.54412
MD_C1O2,MD_C1H2,8.32881
MD_C1O2,MD_C1H2N2,0.53922
MD_C1O2,MD_C1H2O2,0.45588
MD_C1O2,MD_C1O2,2.42353
MD_C1O2,MD_C21H34N7O15P3S1,5.87146
MD_C1O2,MD_C21H34N7O16P3S1,0.18301
MD_C1O2,MD_C23H37N7O16P3S1,0.1939
MD_C1O2,MD_C2H2O1,3.55846
MD_C1O2,MD_C2H4O1,0.17211
MD_C1O2,MD_C2H4O2,0.58824
MD_C1O2,MD_C2H5N1O2,0.16558
MD_C1O2,MD_C2H7N1O1,0.15904
MD_C1O2,MD_C3H10N1,0.15904
MD_C1O2,MD_C3H3N1O2,0.1634
MD_C1O2,MD_C3H3O2,0.08932
MD_C1O2,MD_C3H4O3,1.05098
MD_C1O2,MD_C3H7N1,0.83922
MD_C1O2,MD_C3H7N1O2,0.15904
MD_C1O2,MD_C3H7O6P1,0.58824
MD_C1O2,MD_C4H2N7O13P3S1,0.08932
MD_C1O2,MD_C4H5N1O3,0.09368
MD_C1O2,MD_C4H9N1,0.08497
MD_C1O2,MD_C5H4,0.16558
MD_C1O2,MD_C5H7N1O3,2.31618
MD_C1O2,MD_C5H8N7O14P3S1,0.0915
MD_C1O2,MD_C6H10O5,1.07353
MD_C1O2,MD_C6H12N2O1,0.16122
MD_C1O2,MD_C6H12N4O1,0.16122
MD_C1O2,MD_C6H6O6,0.08715
MD_C1O2,MD_C6H7N3O1,0.51961
MD_C1O2,MD_C7H12N5O12P3,0.16122
MD_C1O2,MD_C7H4O4,0.15904
MD_C1O2,MD_C7H7N5O1,0.09804
MD_C1O2,MD_C7H9N3O1,0.1634
MD_C1O2,MD_C8H12N7O15P3S1,0.08932
MD_C1O2,MD_C8H6O3,0.08497
MD_C1O2,MD_C8H9N1O1,0.08497
MD_C1O2,MD_C9H11N2O8P1,0.40686
MD_C1O2,MD_C9H6O2,0.22059
MD_C1O2,MD_C9H6O3,0.08932
MD_C1O2,MD_H1N1O1,3.59913
MD_C1O2,MD_H1N1O2,0.17429
MD_C1O2,MD_H1O1Cl1,0.40196
MD_C1O2,MD_H1O3P1,7.85784
MD_C1O2,MD_H1O3S1,0.08497
MD_C1O2,MD_H2,34.84211
MD_C1O2,MD_H2O1,5.2381
MD_C1O2,MD_H3N1,0.9568600000000002
MD_C1O2,MD_H3N1O1,6.38072
MD_C1O2,MD_H4N1O3P1,0.1634
MD_C1O2,MD_O1,9.5042
MD_C20H32,MD_C20H32,0.19444
MD_C20H32,MD_C9H12N3O7P1,0.80556
MD_C20H32,MD_H16,0.22222
MD_C20H32,MD_H2O6P2,1.33333
MD_C20H32,MD_H2O7P2,0.22222
MD_C20H32,MD_H4O7P2,5.8125
MD_C20H34N7O14P3S1,MD_C10H18O1,0.15023
MD_C20H34N7O14P3S1,MD_C11H22N2O9P2S1,0.14085
MD_C20H34N7O14P3S1,MD_C12H22O1,0.15023
MD_C20H34N7O14P3S1,MD_C14H26O1,0.15023
MD_C20H34N7O14P3S1,MD_C16H26N7O12P3S1,0.13615
MD_C20H34N7O14P3S1,MD_C16H28N7O10P3S1,0.14554
MD_C20H34N7O14P3S1,MD_C17H28N7O12P3S1,0.13146
MD_C20H34N7O14P3S1,MD_C19H30N7O15P3S1,0.13146
MD_C20H34N7O14P3S1,MD_C19H32N7O12P3S1,0.13615
MD_C20H34N7O14P3S1,MD_C1H2O2,0.49648
MD_C20H34N7O14P3S1,MD_C1O2,1.11972
MD_C20H34N7O14P3S1,MD_C20H34N7O14P3S1,0.13146
MD_C20H34N7O14P3S1,MD_C21H33N7O12P2S1,0.15962
MD_C20H34N7O14P3S1,MD_C21H34N7O15P3S1,2.14648
MD_C20H34N7O14P3S1,MD_C21H34N7O16P3S1,0.41197
MD_C20H34N7O14P3S1,MD_C22H30O1,0.14085
MD_C20H34N7O14P3S1,MD_C2H2O1,0.29108
MD_C20H34N7O14P3S1,MD_C2H4O1,0.13615
MD_C20H34N7O14P3S1,MD_C3H7O6P1,0.21127
MD_C20H34N7O14P3S1,MD_C3H8N2O1S1,0.11737
MD_C20H34N7O14P3S1,MD_C3H8N2O1Se1,0.11268
MD_C20H34N7O14P3S1,MD_C4H4O3,0.15962
MD_C20H34N7O14P3S1,MD_C4H4O5,0.13615
MD_C20H34N7O14P3S1,MD_C4H6O1,0.15493
MD_C20H34N7O14P3S1,MD_C4H7N1O3,0.11268
MD_C20H34N7O14P3S1,MD_C6H10O1,0.15023
MD_C20H34N7O14P3S1,MD_C8H14O1,0.15493
MD_C20H34N7O14P3S1,MD_H1N1O1,0.37089
MD_C20H34N7O14P3S1,MD_H1O1Cl1,0.16432
MD_C20H34N7O14P3S1,MD_H2,18.01811
MD_C20H34N7O14P3S1,MD_H2O1,0.65728
MD_C20H34N7O14P3S1,MD_H3N1,0.13146
MD_C20H34N7O14P3S1,MD_H3N1O1,0.46479
MD_C20H34N7O14P3S1,MD_O1,0.25352
MD_C20H38,MD_H2Mg1,0.5
MD_C20H38,MD_O1,12.08333
MD_C21H32N7O16P3S1,MD_H1O3P1,22.16667
MD_C21H32N7O16P3S1,MD_H2,27.75
MD_C21H33N7O12P2S1,MD_H1O1P1S1,1.33333
MD_C21H34N7O15P3S1,MD_C10H12N5O6P1,0.6919
MD_C21H34N7O15P3S1,MD_C11H22N2O9P2S1,0.12676
MD_C21H34N7O15P3S1,MD_C12H21N1O9,0.1385
MD_C21H34N7O15P3S1,MD_C12H23N3O6,0.14319
MD_C21H34N7O15P3S1,MD_C14H10O2S2,0.1385
MD_C21H34N7O15P3S1,MD_C15H21N5O13P2,0.14085
MD_C21H34N7O15P3S1,MD_C15H30N7O13P3S1,0.14085
MD_C21H34N7O15P3S1,MD_C15H32N7O14P3S1,0.14085
MD_C21H34N7O15P3S1,MD_C16H27N6O12P3S1,0.1385
MD_C21H34N7O15P3S1,MD_C16H30N7O15P3S1,0.14319
MD_C21H34N7O15P3S1,MD_C19H22N2O1,0.14085
MD_C21H34N7O15P3S1,MD_C19H31N6O14P3S1,0.30106
MD_C21H34N7O15P3S1,MD_C1H2,2.04507
MD_C21H34N7O15P3S1,MD_C1H2O1,0.14554
MD_C21H34N7O15P3S1,MD_C1H2O2,0.1831
MD_C21H34N7O15P3S1,MD_C1N2O1,0.1385
MD_C21H34N7O15P3S1,MD_C1O2,1.88967
MD_C21H34N7O15P3S1,MD_C20H24N2O1,0.14085
MD_C21H34N7O15P3S1,MD_C20H34N7O14P3S1,0.1784
MD_C21H34N7O15P3S1,MD_C21H34N7O15P3S1,0.12676
MD_C21H34N7O15P3S1,MD_C21H34N7O16P3S1,0.59155
MD_C21H34N7O15P3S1,MD_C21H36N7O16P3S1,0.14085
MD_C21H34N7O15P3S1,MD_C23H42N4O14,0.14085
MD_C21H34N7O15P3S1,MD_C23H43N5O13,0.14085
MD_C21H34N7O15P3S1,MD_C24H32O6,0.1385
MD_C21H34N7O15P3S1,MD_C25H41N8O16P3S1,0.1385
MD_C21H34N7O15P3S1,MD_C29H49N3O17P2,0.14319
MD_C21H34N7O15P3S1,MD_C2H3N1O1,0.15258
MD_C21H34N7O15P3S1,MD_C2H4O2,0.15023
MD_C21H34N7O15P3S1,MD_C3H2O2,0.14319
MD_C21H34N7O15P3S1,MD_C3H4O1,0.30634
MD_C21H34N7O15P3S1,MD_C3H4O3,0.18075
MD_C21H34N7O15P3S1,MD_C3H5N1O1,0.16667
MD_C21H34N7O15P3S1,MD_C3H5N1O2,0.16432
MD_C21H34N7O15P3S1,MD_C4H10N2O1,0.1385
MD_C21H34N7O15P3S1,MD_C4H4O5,0.14789
MD_C21H34N7O15P3S1,MD_C4H5N1O3,0.15023
MD_C21H34N7O15P3S1,MD_C4H7N1O1,0.1385
MD_C21H34N7O15P3S1,MD_C4H8N2O1,0.14085
MD_C21H34N7O15P3S1,MD_C5H10N2O1,0.15023
MD_C21H34N7O15P3S1,MD_C5H4O2,0.14554
MD_C21H34N7O15P3S1,MD_C5H8,0.1784
MD_C21H34N7O15P3S1,MD_C5H9N1O1,0.14319
MD_C21H34N7O15P3S1,MD_C6H10O5,1.77465
MD_C21H34N7O15P3S1,MD_C6H11N1O4,0.14554
MD_C21H34N7O15P3S1,MD_C6H11N3O2,0.14085
MD_C21H34N7O15P3S1,MD_C6H12N1O7P1,0.14319
MD_C21H34N7O15P3S1,MD_C6H12N2O1,0.14085
MD_C21H34N7O15P3S1,MD_C6H9N1O2,0.1385
MD_C21H34N7O15P3S1,MD_C7H12N2O3,0.14789
MD_C21H34N7O15P3S1,MD_C7H17N3O1,0.1385
MD_C21H34N7O15P3S1,MD_C8H6O3,0.14085
MD_C21H34N7O15P3S1,MD_C8H9N1O1,0.1385
MD_C21H34N7O15P3S1,MD_F1H1O1,0.13146
MD_C21H34N7O15P3S1,MD_H1Cl1,0.14319
MD_C21H34N7O15P3S1,MD_H1N1O1,0.79225
MD_C21H34N7O15P3S1,MD_H1N1O2,0.15493
MD_C21H34N7O15P3S1,MD_H1O1Cl1,0.14319
MD_C21H34N7O15P3S1,MD_H1O3P1,3.80282
MD_C21H34N7O15P3S1,MD_H2,21.20599
MD_C21H34N7O15P3S1,MD_H2O1,15.63662
MD_C21H34N7O15P3S1,MD_H3N1O1,0.27934
MD_C21H34N7O15P3S1,MD_O1,7.25992
MD_C21H34N7O16P3S1,MD_C1H2,1.47059
MD_C21H34N7O16P3S1,MD_C1H2O2,0.23529
MD_C21H34N7O16P3S1,MD_C1O2,1.67647
MD_C21H34N7O16P3S1,MD_C21H34N7O15P3S1,0.45752
MD_C21H34N7O16P3S1,MD_C2H4O1,0.11765
MD_C21H34N7O16P3S1,MD_C2H5N1O2,0.09804
MD_C21H34N7O16P3S1,MD_C2H7N1O1,0.07843
MD_C21H34N7O16P3S1,MD_C2H8N1O4P1,0.08497
MD_C21H34N7O16P3S1,MD_C3H10N1,0.07843
MD_C21H34N7O16P3S1,MD_C3H3N1O2,0.0915
MD_C21H34N7O16P3S1,MD_C3H4O3,1.03529
MD_C21H34N7O16P3S1,MD_C3H6O1,0.02614
MD_C21H34N7O16P3S1,MD_C3H7O6P1,0.18954
MD_C21H34N7O16P3S1,MD_C7H12N5O12P3,0.08497
MD_C21H34N7O16P3S1,MD_H1O1Cl1,0.12418
MD_C21H34N7O16P3S1,MD_H1O3P1,1.79739
MD_C21H34N7O16P3S1,MD_H2,51.67484
MD_C21H34N7O16P3S1,MD_H2O1,2.9411800000000006
MD_C21H34N7O16P3S1,MD_H3N1,0.18301
MD_C21H34N7O16P3S1,MD_H3N1O1,0.57516
MD_C21H34N7O16P3S1,MD_H4N1O3P1,0.0915
MD_C21H34N7O16P3S1,MD_O1,0.24837
MD_C21H35N7O15P3S1,MD_H2,29.58333
MD_C21H35N7O15P3S1,MD_H2O1,15.58333
MD_C21H36N7O16P3S1,MD_C21H34N7O15P3S1,9.16667
MD_C23H37N7O16P3S1,MD_C24H39N7O16P3S1,1.83333
MD_C23H37N7O16P3S1,MD_H2O3P1,1.83333
MD_C23H38N7O17P3S1,MD_C21H32N7O16P3S1,0.375
MD_C23H38N7O17P3S1,MD_C21H34N7O15P3S1,9.28125
MD_C23H38N7O17P3S1,MD_H2O1,26.15625
MD_C24H36N7O17P3S1,MD_H2O1,31.0
MD_C24H38O3,MD_O3S1,2.5
MD_C24H39N7O16P3S1,MD_C21H34N7O15P3S1,3.08333
MD_C24H39N7O16P3S1,MD_C4H2N7O13P3S1,0.79167
MD_C24H39N7O16P3S1,MD_C5H8N7O14P3S1,0.83333
MD_C24H39N7O16P3S1,MD_C8H12N7O15P3S1,0.79167
MD_C25H38N2O5S1,MD_C5H7N1O3,5.5
MD_C25H40,MD_C7H2O4P2,0.58333
MD_C25H40,MD_H4O7P2,7.75
MD_C27H24O17,MD_C6H8O6,1.66667
MD_C29H31N1O9,MD_C6H10O3,1.5
MD_C2H2O1,MD_C10H18O1,0.17391
MD_C2H2O1,MD_C11H22N2O9P2S1,0.18116
MD_C2H2O1,MD_C12H22O1,0.17391
MD_C2H2O1,MD_C12H26N7O14P3S1,0.18116
MD_C2H2O1,MD_C13H28N7O15P3S1,0.60326
MD_C2H2O1,MD_C14H26O1,0.17391
MD_C2H2O1,MD_C16H26N7O12P3S1,0.17754
MD_C2H2O1,MD_C16H28N7O10P3S1,0.18478
MD_C2H2O1,MD_C17H28N7O12P3S1,0.17391
MD_C2H2O1,MD_C19H30N7O15P3S1,0.17391
MD_C2H2O1,MD_C19H32N7O12P3S1,0.17754
MD_C2H2O1,MD_C1H1N1O1,0.38315
MD_C2H2O1,MD_C1H2,0.44203
MD_C2H2O1,MD_C1H3N1S1,0.17754
MD_C2H2O1,MD_C1O2,0.43478
MD_C2H2O1,MD_C20H34N7O14P3S1,0.27174
MD_C2H2O1,MD_C21H33N7O12P2S1,0.19565
MD_C2H2O1,MD_C21H34N7O15P3S1,0.86413
MD_C2H2O1,MD_C21H34N7O16P3S1,0.21377
MD_C2H2O1,MD_C22H30O1,0.17391
MD_C2H2O1,MD_C2H2O1,0.59511
MD_C2H2O1,MD_C2H2O1S2,0.18116
MD_C2H2O1,MD_C2H4O2,0.67663
MD_C2H2O1,MD_C2H5N1,0.18841
MD_C2H2O1,MD_C3H4O2,0.18478
MD_C2H2O1,MD_C4H4O3,0.18841
MD_C2H2O1,MD_C4H4O5,0.17754
MD_C2H2O1,MD_C4H6O1,0.17754
MD_C2H2O1,MD_C5H7N1O3,0.28986
MD_C2H2O1,MD_C6H10O1,0.17391
MD_C2H2O1,MD_C6H3N1O1,0.17754
MD_C2H2O1,MD_C8H14O1,0.17754
MD_C2H2O1,MD_C9H12N2O11P2,0.41576
MD_C2H2O1,MD_C9H9N1O1,0.17754
MD_C2H2O1,MD_H1O3P1,3.17935
MD_C2H2O1,MD_H1O4P1,0.2029
MD_C2H2O1,MD_H2,14.83696
MD_C2H2O1,MD_H2O1,1.89946
MD_C2H2O1,MD_H3N1O1,4.26242
MD_C2H2O1,MD_O1,0.69203
MD_C2H2O1,MD_O3S1,0.17029
MD_C2H2O2,MD_C15H17N5O10P2S1,0.0942
MD_C2H2O2,MD_C1H1N1,0.0942
MD_C2H2O2,MD_C1H2,4.14783
MD_C2H2O2,MD_C1H2N2,0.13043
MD_C2H2O2,MD_C1H2O1,0.11594
MD_C2H2O2,MD_C1H4O2,0.10145
MD_C2H2O2,MD_C1H5O2,0.10145
MD_C2H2O2,MD_C24H38O3,0.0942
MD_C2H2O2,MD_C24H38O4,0.0942
MD_C2H2O2,MD_C2H2O1,1.36957
MD_C2H2O2,MD_C2H2O3,0.11594
MD_C2H2O2,MD_C2H3N1O3S2,0.10145
MD_C2H2O2,MD_C2H4,0.21739
MD_C2H2O2,MD_C3H4O1,0.1087
MD_C2H2O2,MD_C3H6,0.07971
MD_C2H2O2,MD_C5H4O4,0.07971
MD_C2H2O2,MD_C5H7N1O3,0.31159
MD_C2H2O2,MD_C6H10O1,0.08696
MD_C2H2O2,MD_C8H12N2O4S1,0.07971
MD_C2H2O2,MD_C8H6O2,0.07971
MD_C2H2O2,MD_C9H9N1O1,0.08696
MD_C2H2O2,MD_H3N1O1,0.63043
MD_C2H2O2S1,MD_C1H3N1S1,0.58333
MD_C2H2O2S1,MD_C2H2O1S2,0.66667
MD_C2H2O3,MD_C9H6O3,0.3
MD_C2H2O3,MD_H1N1O1,0.9
MD_C2H2O3,MD_H2,42.75
MD_C2H2O3,MD_H2O1,20.925
MD_C2H3N1O1,MD_C1O1,0.69444
MD_C2H3N1O1,MD_C3H5N1O1,0.19444
MD_C2H3N1O1,MD_C3H7N1O2S1,0.25
MD_C2H3N1O1,MD_C4H6N2O2,0.30556
MD_C2H3N1O1,MD_C8H12N2O5S1,0.22222
MD_C2H3N1O1,MD_H1O3P1,4.52778
MD_C2H3N1O3S2,MD_C28H39N6O13P1S2,1.0
MD_C2H3N1O3S2,MD_C33H46N7O16P1S2,1.0
MD_C2H4,MD_C1H2,165.50769
MD_C2H4,MD_H2,24.73333
MD_C2H4O1,MD_H1O3P1,22.5
MD_C2H4O1,MD_H2,29.66667
MD_C2H4O2,MD_C11H16N2O7,0.17117
MD_C2H4O2,MD_C21H32N7O16P3S1,0.11712
MD_C2H4O2,MD_C21H34N7O15P3S1,2.41216
MD_C2H4O2,MD_C2H2O1,0.40541
MD_C2H4O2,MD_C2H4O2,0.16216
MD_C2H4O2,MD_C3H4O3,0.36937
MD_C2H4O2,MD_C3H6O3,0.18919
MD_C2H4O2,MD_C3H7O6P1,0.25225
MD_C2H4O2,MD_C5H7N1O3,0.45045
MD_C2H4O2,MD_C8H14N2O3,0.17117
MD_C2H4O2,MD_H1O3P1,3.62838
MD_C2H4O2,MD_H2,3.27027
MD_C2H4O2,MD_H2O1,12.16216
MD_C2H4O2,MD_H3O4P1,0.24324
MD_C2H4O2,MD_H3O9P3,0.12613
MD_C2H4O2,MD_H5O5P1,0.16216
MD_C2H4O2,MD_O1,1.45045
MD_C2H4O2S2,MD_C28H39N6O13P1S2,1.0
MD_C2H4O2S2,MD_C33H46N7O16P1S2,1.0
MD_C2H4O3S2,MD_C28H39N6O13P1S2,1.0
MD_C2H4O3S2,MD_C33H46N7O16P1S2,1.0
MD_C2H5N1,MD_H2O1,31.5
MD_C2H5N1O1,MD_C3H7N1O1,0.5
MD_C2H5N1O2,MD_C11H12N5O8P1,0.27778
MD_C2H5N1O2,MD_H1O3P1,8.72222
MD_C2H5N1O2,MD_H2,19.77778
MD_C2H5O4P1,MD_H1O3P1,44.33333
MD_C2H5O5P1,MD_H2O1,31.0
MD_C2H6N1O3P1,MD_C2H6N1O3P1,0.5
MD_C2H6N2O2,MD_H1N1O1,1.91667
MD_C2H6N2O2,MD_H2,27.66667
MD_C2H7O11P3,MD_H2O1,15.5
MD_C2H7O11P3,MD_H2O6P2,3.58333
MD_C2H8,MD_H2Co1,0.33333
MD_C2H8,MD_H2Ni1,0.16667
MD_C2N1O1P1,MD_H3N1O1,13.0
MD_C30H32N2O13,MD_H2O1,31.0
MD_C30H48,MD_H4O7P2,15.16667
MD_C32H52N7O19P1,MD_C6H11O8P1,0.27778
MD_C32H52N7O19P1,MD_C8H14N1O8P1,0.22222
MD_C32H52N7O19P1,MD_H1O3P1,14.72222
MD_C34H32N4O4,MD_C2H2O2,1.83333
MD_C35H30N4O5Mg1,MD_C20H38,0.25
MD_C35H30N4O5Mg1,MD_H2,29.5
MD_C35H32N4O4Mg1,MD_H2Mg1,0.5
MD_C35H32N4O4Mg1,MD_O1,12.08333
MD_C35H56,MD_C7H2O4P2,0.83333
MD_C39H60O10,MD_C12H20O8,0.16667
MD_C3H10N1,MD_C11H10O4,0.03333
MD_C3H10N1,MD_C2H2O1,1.6
MD_C3H10N1,MD_H1O3P1,5.13333
MD_C3H10N1,MD_H1O3S1,0.06667
MD_C3H10N1,MD_H2,11.76667
MD_C3H1N1O2,MD_C10H12N5O6P1,0.55128
MD_C3H1N1O2,MD_C1H2O1,0.07692
MD_C3H1N1O2,MD_C1H2O2,0.95192
MD_C3H1N1O2,MD_C2H4O2,0.25641
MD_C3H1N1O2,MD_C4H2N2O1,0.12821
MD_C3H1N1O2,MD_C4H3N2O1,0.03846
MD_C3H1N1O2,MD_C5H2N4,0.05128
MD_C3H1N1O2,MD_C6H4N2,0.03846
MD_C3H1N1O2,MD_H1N1O1,0.30769
MD_C3H1N1O2,MD_H1O3P1,23.01282
MD_C3H1N1O2,MD_H2,4.55128
MD_C3H1N1O2,MD_H2O6P2,0.5641
MD_C3H1N2O3P1,MD_C6H10O5,9.08333
MD_C3H1N2O3P1,MD_H1O3P1,22.16667
MD_C3H2N2O6P2,MD_C6H10O5,10.5
MD_C3H2N2O6P2,MD_H1O3P1,11.25
MD_C3H2N2O6P2,MD_H2,33.65625
MD_C3H2N2O6P2,MD_O3S1,0.79167
MD_C3H2O2,MD_H2O1,19.83333
MD_C3H2O3,MD_C12H20O10,0.25926
MD_C3H2O3,MD_C21H34N7O15P3S1,1.18519
MD_C3H2O3,MD_C21H34N7O16P3S1,0.40741
MD_C3H2O3,MD_C23H37N7O16P3S1,0.5
MD_C3H2O3,MD_C3H2O3,0.2037
MD_C3H2O3,MD_C5H4,0.25926
MD_C3H2O3,MD_C6H10O5,2.16667
MD_C3H2O3,MD_C6H8O6,0.35185
MD_C3H2O3,MD_H1N1O1,1.24074
MD_C3H3N1O2,MD_C1H1N1O1,1.16667
MD_C3H3N1O4,MD_C3H4O3,1.25
MD_C3H3N1O4,MD_H1N1O1,2.625
MD_C3H3N1O4,MD_H2O1,4.95833
MD_C3H3N1O4,MD_H3O4P1,0.66667
MD_C3H3O2,MD_C24H39N7O16P3S1,1.58333
MD_C3H3O2,MD_H2O3P1,0.75
MD_C3H4O1,MD_C11H22N2O9P2S1,0.07527
MD_C3H4O1,MD_C16H30O1,0.06452
MD_C3H4O1,MD_C17H30N7O10P3S1,0.06452
MD_C3H4O1,MD_C1O2,0.45161
MD_C3H4O1,MD_C20H34N7O14P3S1,0.27957
MD_C3H4O1,MD_C21H33N7O12P2S1,0.11828
MD_C3H4O1,MD_C21H34N7O15P3S1,2.37097
MD_C3H4O1,MD_C21H34N7O16P3S1,0.08602
MD_C3H4O1,MD_C2H2O1,0.54839
MD_C3H4O1,MD_C2H2O3,0.10753
MD_C3H4O1,MD_C5H5N1O1,0.06452
MD_C3H4O1,MD_H2,22.025809999999996
MD_C3H4O1,MD_H3N1O1,0.87097
MD_C3H4O1,MD_O2S1,0.07527
MD_C3H4O2,MD_C1H2,7.41667
MD_C3H4O2,MD_H3O4P1,1.08333
MD_C3H4O3,MD_C122H229N3O31P2,0.17778
MD_C3H4O3,MD_C1O2,1.06667
MD_C3H4O3,MD_C21H34N7O15P3S1,0.85556
MD_C3H4O3,MD_C3H4O3,0.8
MD_C3H4O3,MD_C3H7O6P1,0.37778
MD_C3H4O3,MD_C9H12N2O11P2,0.18889
MD_C3H4O3,MD_C9H12N3O7P1,1.35
MD_C3H4O3,MD_H1O3P1,15.520000000000001
MD_C3H4O3,MD_H2,9.4
MD_C3H4O3,MD_H2O1,2.3
MD_C3H4O3,MD_H3N1,0.21111
MD_C3H4O3,MD_H3N1O1,2.225
MD_C3H4O3,MD_O1,1.85556
MD_C3H5,MD_C24H39N7O16P3S1,1.58333
MD_C3H5,MD_H2O3P1,0.75
MD_C3H5N1O1,MD_C5H7N1O3,2.5
MD_C3H5N1O1,MD_H1O3P1,15.27778
MD_C3H5N1O1,MD_H3N1O1,11.125
MD_C3H5N1O1S1,MD_C3H5N1O1,0.27778
MD_C3H5N1O1S1,MD_C3H7N1O2S1,0.38889
MD_C3H5N1O1S1,MD_C8H12N2O5S1,0.33333
MD_C3H5N1O2,MD_C1H2,1.52778
MD_C3H5N1O2,MD_C1H2O1,0.18056
MD_C3H5N1O2,MD_C1H2S1,0.18056
MD_C3H5N1O2,MD_C1O2,1.16667
MD_C3H5N1O2,MD_C2H2O1,0.63889
MD_C3H5N1O2,MD_C2H2O1S2,0.19444
MD_C3H5N1O2,MD_C3H7N1O2S1,0.19444
MD_C3H5N1O2,MD_C5H9O7P1,0.44444
MD_C3H5N1O2,MD_C6H10O5,3.6875
MD_C3H5N1O2,MD_H1O3P1,3.81944
MD_C3H5N1O2,MD_H1O3S1,0.18056
MD_C3H5N1O2,MD_S1Sn1,0.23611
MD_C3H5N1O2S1,MD_C3H5N1O2,2.0
MD_C3H5O5P1,MD_C3H3O5P1,0.11111
MD_C3H5O5P1,MD_C3H5O6P1,0.11111
MD_C3H5O5P1,MD_H5N1,0.22222
MD_C3H6,MD_C1H2,14.66667
MD_C3H6N1O2,MD_C1O2,12.33333
MD_C3H6N2O1,MD_H1N1O1,9.66667
MD_C3H6O2,MD_C21H34N7O15P3S1,9.66667
MD_C3H6O3,MD_H1O3P1,8.72222
MD_C3H6O3,MD_H3O4P1,0.72222
MD_C3H6O3,MD_H5O5P1,0.22222
MD_C3H7N1,MD_C10H15N3O5S1,0.672
MD_C3H7N1,MD_C18H12O4,0.05333
MD_C3H7N1,MD_C1O2,3.21
MD_C3H7N1,MD_C22H20O8,0.05333
MD_C3H7N1,MD_C3H10N2O1,0.08
MD_C3H7N1,MD_C3H7N1,0.24
MD_C3H7N1,MD_C3H8N1,0.05333
MD_C3H7N1,MD_C4H9N1,0.06667
MD_C3H7N1,MD_C6H15N2,0.05333
MD_C3H7N1,MD_H1O3P1,2.09333
MD_C3H7N1,MD_H2,4.45333
MD_C3H7N1O1,MD_C2H5N1O1,0.25
MD_C3H7N1O1,MD_H1N1O1,4.75
MD_C3H7N1O2S1,MD_C21H41N5O12,0.33333
MD_C3H7N1O2S1,MD_C6H14N2O2,0.25
MD_C3H7O6P1,MD_H1O3P1,48.79999999999999
MD_C3H7O6P1,MD_H2,13.44444
MD_C3H7O6P1,MD_H2O1,4.51852
MD_C3H7O6P1,MD_H3O4P1,0.96296
MD_C3H8N2O1S1,MD_C3H7N1O2S1,0.83333
MD_C40H64,MD_H1O3P1,44.33333
MD_C46H77N2O8P1,MD_C1O1,1.66667
MD_C46H78N2O5,MD_C8H13N1O5,2.33333
MD_C4H10N2O1,MD_C10H8O3,0.13333
MD_C4H10N2O1,MD_C3H7N1,0.16667
MD_C4H10N2O1,MD_C9H6O2,0.3
MD_C4H10N2O1,MD_H1N1O1,0.76667
MD_C4H10N2O1,MD_H1O3P1,5.16667
MD_C4H10N2O1S1,MD_C3H7N1O2S1,1.0
MD_C4H10O5P1,MD_C3,0.5
MD_C4H1N2O1P1,MD_H1O1,1.66667
MD_C4H2,MD_C7H6O1,0.83333
MD_C4H2N2O1,MD_H1N1O1,5.33333
MD_C4H2N2O1,MD_H1O3P1,30.0
MD_C4H3N3,MD_C10H12N5O6P1,0.78947
MD_C4H3N3,MD_C2H4O2,0.38596
MD_C4H3N3,MD_C4H2N2O1,0.15789
MD_C4H3N3,MD_C4H3N2O1,0.08772
MD_C4H3N3,MD_C5H2N4,0.10526
MD_C4H3N3,MD_C6H4N2,0.08772
MD_C4H3N3,MD_H1N1O1,0.45614
MD_C4H3N3,MD_H1O3P1,22.8
MD_C4H3N3,MD_H2O6P2,0.80702
MD_C4H4N1P1,MD_H2O1,19.5
MD_C4H4O3,MD_C1H1N1O2S1,0.22222
MD_C4H4O3,MD_C1H2N2,0.77778
MD_C4H4O3,MD_H2,18.72222
MD_C4H4O4,MD_C1H1N1O1,0.21053
MD_C4H4O4,MD_C1H2N2,0.17544
MD_C4H4O4,MD_C1O2,1.31579
MD_C4H4O4,MD_C2H2O1,0.87719
MD_C4H4O4,MD_H1N1O1,1.03509
MD_C4H4O4,MD_H1N1O2,0.17544
MD_C4H4O4,MD_H1O3P1,10.61842
MD_C4H4O4,MD_H2,6.22807
MD_C4H4O4,MD_O1,2.5614
MD_C4H4O4S1,MD_C1H1N1O2S1,0.5
MD_C4H4O5,MD_C11H16N2O7,0.18182
MD_C4H4O5,MD_C21H34N7O15P3S1,1.75758
MD_C4H4O5,MD_C5H7N1O3,1.12121
MD_C4H4O5,MD_C8H14N2O3,0.18182
MD_C4H4O5,MD_H2O1,18.95455
MD_C4H5N1,MD_C6H10O5,17.83333
MD_C4H5N1O2,MD_C1H1N1O1,1.66667
MD_C4H5N1O3,MD_C5H7N1O3,1.54167
MD_C4H5N1O3,MD_C8H13N1O5,0.75
MD_C4H5N1O3,MD_H1N1O1,2.625
MD_C4H5N1O3,MD_H2O1,7.91667
MD_C4H6N1O2P1,MD_C2N1O1P1,0.38889
MD_C4H6N1O2P1,MD_C4H4N1P1,0.5
MD_C4H6N1O2P1,MD_H1O3P1,14.66667
MD_C4H6O1,MD_H2,55.16667
MD_C4H7N1O1,MD_C2H3N1O1,0.57143
MD_C4H7N1O1,MD_H1N1O1,2.95238
MD_C4H7N1O1,MD_O1,15.96429
MD_C4H7N1O1S1,MD_C3H7N1O2S1,0.25
MD_C4H7N1O1S1,MD_C5H9N1O1S1,0.20833
MD_C4H7N1O1S1,MD_H1N1O1,2.5
MD_C4H7N1O1S1,MD_H1O3P1,11.125
MD_C4H7N1O2,MD_C1H2,1.39744
MD_C4H7N1O2,MD_C1H2O1,0.15385
MD_C4H7N1O2,MD_C1H2S1,0.15385
MD_C4H7N1O2,MD_C24H36N7O17P3S1,0.15385
MD_C4H7N1O2,MD_C24H38N7O18P3S1,0.14103
MD_C4H7N1O2,MD_C2H2O1,0.74359
MD_C4H7N1O2,MD_C5H2N5O4P1,0.0641
MD_C4H7N1O2,MD_C5H3N5O1,0.08974
MD_C4H7N1O2,MD_C5H5N5O1,0.15385
MD_C4H7N1O2,MD_H1N1O1,0.75641
MD_C4H7N1O2,MD_H1O3S1,0.15385
MD_C4H7N1O2,MD_O2,0.17949
MD_C4H7N1O2,MD_S1Sn1,0.20513
MD_C4H7N1O3,MD_C1H1N1O2S1,0.33333
MD_C4H9N1,MD_C1O2,6.16667
MD_C4H9N1,MD_C3H7N1,0.41667
MD_C4H9N1O2S1,MD_H1O3P1,44.16667
MD_C50H80,MD_H1O3P1,44.0
MD_C55H75N15O10Co1,MD_C10H12N5O7P1,2.5
MD_C5H10N2O1,MD_C1H1N1O1,0.10101
MD_C5H10N2O1,MD_C1O2,0.78788
MD_C5H10N2O1,MD_C2H2O3,0.11111
MD_C5H10N2O1,MD_C2H3N1O1,0.15152
MD_C5H10N2O1,MD_C3H2O3,0.16162
MD_C5H10N2O1,MD_C3H5N1O1,0.18182
MD_C5H10N2O1,MD_C3H5N1O2,0.17172
MD_C5H10N2O1,MD_C4H10N2O1,0.07071
MD_C5H10N2O1,MD_C4H4O3,0.12121
MD_C5H10N2O1,MD_C4H7N1O1,0.11111
MD_C5H10N2O1,MD_C5H10N2O1,0.06061
MD_C5H10N2O1,MD_C5H12N4O1,0.06061
MD_C5H10N2O1,MD_C7H17N3O1,0.07071
MD_C5H10N2O1,MD_C8H12N2O3,0.07071
MD_C5H10N2O1,MD_H2O1,1.91919
MD_C5H10N2O1,MD_H3N1O1,2.63636
MD_C5H10N2O3S1,MD_C21H41N5O12,0.25
MD_C5H10N2O3S1,MD_C6H14N2O2,0.16667
MD_C5H10O1,MD_H2,124.5
MD_C5H10O7P1,MD_C4H10O5P1,0.25
MD_C5H10O7P1,MD_H1O3P1,22.08333
MD_C5H11O13P3,MD_C5H8O3,0.54167
MD_C5H11O13P3,MD_C5H8O4,0.70833
MD_C5H11O13P3,MD_H1N1O1,2.66667
MD_C5H11O13P3,MD_O1,6.29167
MD_C5H2N4,MD_C4H5N1O3,0.14815
MD_C5H2N4,MD_C4H6O1,0.03704
MD_C5H2N4,MD_C5H3N5O1,0.11111
MD_C5H2N4,MD_C5H9O7P1,0.40741
MD_C5H2N4,MD_H1N1,0.07407
MD_C5H2N4,MD_H1O3P1,4.90741
MD_C5H2N4,MD_H2,6.55556
MD_C5H2N4,MD_H2O1,3.44444
MD_C5H2N4,MD_O1,2.68519
MD_C5H2N4O1,MD_C1H3,0.75
MD_C5H2N4O1,MD_C5H8O4,0.83333
MD_C5H3N5,MD_H1N1O1,4.83333
MD_C5H3N5,MD_H1O3P1,22.08333
MD_C5H3N5O1,MD_C10H12N5O6P1,0.57692
MD_C5H3N5O1,MD_C2H4O2,0.28205
MD_C5H3N5O1,MD_C4H2N2O1,0.15385
MD_C5H3N5O1,MD_C4H3N2O1,0.0641
MD_C5H3N5O1,MD_C4H9N1O2S1,0.07692
MD_C5H3N5O1,MD_C5H2N4,0.07692
MD_C5H3N5O1,MD_C5H9N1O1S1,0.07692
MD_C5H3N5O1,MD_C6H4N2,0.0641
MD_C5H3N5O1,MD_H1N1O1,2.33654
MD_C5H3N5O1,MD_H1O3P1,23.26923
MD_C5H3N5O1,MD_H2O6P2,0.58974
MD_C5H4O2,MD_H2,55.66667
MD_C5H5N1O1,MD_C30H32N2O13,0.5
MD_C5H6O4,MD_C11H14N2O7,0.10526
MD_C5H6O4,MD_C12H19N4O4S1,0.10526
MD_C5H6O4,MD_C13H15N3O3S1,0.10526
MD_C5H6O4,MD_C15H14N4O2S1,0.10526
MD_C5H6O4,MD_C15H16N4O3S1,0.10526
MD_C5H6O4,MD_C1H1N1O1,0.17544
MD_C5H6O4,MD_C1O2,0.42105
MD_C5H6O4,MD_C25H38N2O5S1,0.10526
MD_C5H6O4,MD_C2H2O1,0.39474
MD_C5H6O4,MD_C3H5N1O1S1,0.13158
MD_C5H6O4,MD_C3H5N1O2,0.19298
MD_C5H6O4,MD_C4H4N2O1,0.11404
MD_C5H6O4,MD_C4H7N1O1,0.14035
MD_C5H6O4,MD_C5H8N2O2S1,0.11404
MD_C5H6O4,MD_H1N1O1,0.25439
MD_C5H6O4,MD_H1O3P1,2.40351
MD_C5H6O4,MD_H2O1,1.71053
MD_C5H6O4,MD_H2O2,0.14035
MD_C5H6O4,MD_O1,0.32456
MD_C5H7N1,MD_C6H10O5,17.83333
MD_C5H7N1O3,MD_C1H4N1O5P1,0.62963
MD_C5H7N1O3,MD_C3H5O5P1,0.62963
MD_C5H7N1O3,MD_C4H6N1O2P1,0.61111
MD_C5H7N1O3,MD_C5H7N1O3,2.2
MD_C5H7N1O3,MD_C7H5N1O1,0.81481
MD_C5H7N1O3,MD_H1O3P1,3.44444
MD_C5H7N1O3,MD_H2N1O4P1,0.7037
MD_C5H7N1O3,MD_H2O1,4.01852
MD_C5H7N1O3,MD_O1,3.25926
MD_C5H8,MD_C1H2,11.31818
MD_C5H8,MD_C5H8,0.54545
MD_C5H8,MD_H1O3P1,8.51515
MD_C5H8,MD_H2O6P2,1.78788
MD_C5H8,MD_H4O7P2,7.22727
MD_C5H8N2O2S1,MD_C10H15N3O6S1,0.36667
MD_C5H8N2O2S1,MD_C21H34N7O16P3S1,0.46667
MD_C5H8N2O2S1,MD_C2H3N1O1,0.3
MD_C5H8N2O2S1,MD_C5H10N2O3S1,0.13333
MD_C5H8N2O2S1,MD_S1,0.16667
MD_C5H8N7O14P3S1,MD_C8H15N1O2,2.0
MD_C5H8O1,MD_C5H8O1,0.25
MD_C5H8O1,MD_H2,29.58333
MD_C5H8O3,MD_H1N1O1,19.2
MD_C5H8O3,MD_H1O3P1,64.56
MD_C5H8O4,MD_C1H3,0.25758
MD_C5H8O4,MD_C3H2O3,0.30303
MD_C5H8O4,MD_C5H8O3,0.19697
MD_C5H8O4,MD_C5H9N1O1S1,0.16667
MD_C5H8O4,MD_C6H10O5,7.036359999999999
MD_C5H8O4,MD_C9H11N2O8P1,0.30303
MD_C5H8O4,MD_H1N1O1,3.70909
MD_C5H8O4,MD_H1O3P1,35.94156
MD_C5H8O4,MD_H2,5.42424
MD_C5H8O5,MD_C9H6O3,0.38889
MD_C5H8O5,MD_H2,19.72222
MD_C5H8O5,MD_H2O1,10.44444
MD_C5H9N1O3,MD_C6H11O8P1,0.66667
MD_C5H9N1O3,MD_C8H14N1O8P1,0.61111
MD_C5H9N1O3,MD_H1O3P1,15.11111
MD_C5H9O6P1,MD_C1H2,8.33333
MD_C5H9O6P1,MD_H2O6P2,1.83333
MD_C5H9O7P1,MD_C1H2,2.625
MD_C5H9O7P1,MD_C1O1,0.39216
MD_C5H9O7P1,MD_C1O2,0.90196
MD_C5H9O7P1,MD_C3H5N1O2,0.31373
MD_C5H9O7P1,MD_C58H82N16O13P1Co1,0.21569
MD_C5H9O7P1,MD_C5H8O3,1.32353
MD_C5H9O7P1,MD_C5H8O4,2.07983
MD_C5H9O7P1,MD_C6H10O3S1,0.21569
MD_C5H9O7P1,MD_H1N1O1,2.7176500000000003
MD_C5H9O7P1,MD_H1O3P1,8.33824
MD_C5H9O7P1,MD_H2,3.65686
MD_C5H9O7P1,MD_H2O6P2,2.61176
MD_C5H9O7P1,MD_N1O1,0.22549
MD_C5H9O7P1,MD_O1,8.03922
MD_C5H9O7P1,MD_O3P1,0.30392
MD_C6H10O1,MD_H2,55.33333
MD_C6H10O3,MD_C6H10O3,1.33333
MD_C6H10O4,MD_C1H2,3.59259
MD_C6H10O4,MD_C5H8O4,0.55556
MD_C6H10O4,MD_C6H10O5,16.8
MD_C6H10O4,MD_H2,13.40741
MD_C6H10O5,MD_C10H12N5O7P1,0.09738
MD_C6H10O5,MD_C11H10O4,0.40075
MD_C6H10O5,MD_C11H17N1O8,0.07491
MD_C6H10O5,MD_C12H20O10,0.41199
MD_C6H10O5,MD_C1H1N1O1,0.43446
MD_C6H10O5,MD_C1H2,4.77528
MD_C6H10O5,MD_C2H2O1,0.57678
MD_C6H10O5,MD_C2H6O1,0.40449
MD_C6H10O5,MD_C3H1N2O3P1,0.40824
MD_C6H10O5,MD_C3H2N2O6P2,0.94382
MD_C6H10O5,MD_C3H2O2,0.40824
MD_C6H10O5,MD_C3H2O3,10.0727
MD_C6H10O5,MD_C3H5N1O2,0.44195
MD_C6H10O5,MD_C4H2N5O1P1,0.40075
MD_C6H10O5,MD_C4H5N1,0.40075
MD_C6H10O5,MD_C5H7N1,0.40075
MD_C6H10O5,MD_C5H8O4,4.50936
MD_C6H10O5,MD_C6H10O4,4.40449
MD_C6H10O5,MD_C6H10O5,16.47953
MD_C6H10O5,MD_C6H11N1O4,0.0824
MD_C6H10O5,MD_C6H11O8P1,0.94382
MD_C6H10O5,MD_C6H8O6,0.9691
MD_C6H10O5,MD_C7H13N1O2,0.07865
MD_C6H10O5,MD_C7H4O4,0.40075
MD_C6H10O5,MD_C7H8N5O4P1,0.07865
MD_C6H10O5,MD_C8H14N1O8P1,0.40824
MD_C6H10O5,MD_C8H5N1O1,0.40075
MD_C6H10O5,MD_C9H11N2O8P1,0.98596
MD_C6H10O5,MD_C9H6O2,4.89438
MD_C6H10O5,MD_C9H6O3,3.53933
MD_C6H10O5,MD_H1O3P1,29.60995
MD_C6H10O5,MD_H2,23.45568
MD_C6H10O5,MD_H2O1,9.77528
MD_C6H10O5,MD_O2S1,0.40824
MD_C6H10O5,MD_O3S1,1.08708
MD_C6H11N1O1,MD_C4H7N1O1,0.11111
MD_C6H11N1O1,MD_H2O1,6.33333
MD_C6H11N1O1,MD_H3N1O1,4.33333
MD_C6H11N1O4,MD_C2H2O1,0.79167
MD_C6H11N1O4,MD_C5H9O7P1,0.5
MD_C6H11N1O4,MD_C6H10O2S1,0.10417
MD_C6H11N1O4,MD_C6H10O5,8.925
MD_C6H11N1O4,MD_C8H13N1O5,0.33333
MD_C6H11N1O4,MD_H1O3P1,3.27083
MD_C6H11N1O4,MD_H3N1O1,5.34375
MD_C6H11O8P1,MD_C1O2,1.92308
MD_C6H11O8P1,MD_C5H9O7P1,0.58974
MD_C6H11O8P1,MD_C6H11O8P1,0.10256
MD_C6H11O8P1,MD_C8H14N1O8P1,0.15385
MD_C6H11O8P1,MD_C9H13N2O14P3,0.12821
MD_C6H11O8P1,MD_H1O3P1,20.88462
MD_C6H12N1O7P1,MD_C3H4O2,1.0
MD_C6H12N2O1,MD_H3N1O1,13.0
MD_C6H14N2O1,MD_C5H9N1O3,1.66667
MD_C6H3N1,MD_C7H3N1O2,0.16667
MD_C6H4N2,MD_N1O1,0.25
MD_C6H4N2,MD_O3P1,0.91667
MD_C6H5N2,MD_C6H12N4O1,0.58333
MD_C6H5N2,MD_H2O1,15.66667
MD_C6H7N3O1,MD_C1H2,17.0
MD_C6H8N1S1,MD_H1N1O1,1.83333
MD_C6H8N1S1,MD_H1O3P1,22.08333
MD_C6H8O6,MD_C1O2,6.075
MD_C6H8O6,MD_C6H10O5,8.625
MD_C6H8O6,MD_C6H8O6,0.3
MD_C6H8O6,MD_C9H11N2O8P1,1.425
MD_C6H8O6,MD_C9H12N2O11P2,0.36667
MD_C6H9O2P1,MD_C2H2O1,2.72222
MD_C6H9O2P1,MD_C6H10O5,6.0
MD_C6H9O2P1,MD_H1O3P1,14.72222
MD_C7H10O5,MD_C1H2,16.5
MD_C7H12N2O3,MD_C6H10N2O2,0.58333
MD_C7H12N2O3,MD_H3N1O1,6.75
MD_C7H12N3O5P1,MD_C1O2,2.27778
MD_C7H12N3O5P1,MD_H1O3P1,14.83333
MD_C7H12N3O5P1,MD_H2O1,10.44444
MD_C7H12N5O12P3,MD_H2O1,15.5
MD_C7H12N5O12P3,MD_H2O6P2,3.58333
MD_C7H12O4,MD_C1H2,15.0
MD_C7H13N2O7P1,MD_H1N1O1,9.66667
MD_C7H2O4P2,MD_C1O2,12.5
MD_C7H4O1,MD_C19H31N6O14P3S1,0.20833
MD_C7H4O1,MD_C20H34N7O14P3S1,1.0
MD_C7H4O1,MD_H2,13.83333
MD_C7H4O1,MD_O1,6.04167
MD_C7H4O4,MD_C6H10O5,17.83333
MD_C7H4O5P2,MD_C1H2,16.66667
MD_C7H5N1O1,MD_C2H4O2,0.91667
MD_C7H5N1O1,MD_C2H5O5P1,0.58333
MD_C7H5N1O1,MD_C2H7O11P3,0.58333
MD_C7H5N1O1,MD_H2O6P2,1.29167
MD_C7H6O1,MD_C3H6O1,0.38889
MD_C7H6O1,MD_C4H8O1,0.33333
MD_C7H6O1,MD_C7H6O2,0.33333
MD_C7H6O2,MD_C6H10O5,18.0
MD_C7H6O3,MD_C3H4O3,0.96667
MD_C7H6O3,MD_C4H6O3,0.36667
MD_C7H6O3,MD_H1N1O1,2.1
MD_C7H6O3,MD_H2O1,3.96667
MD_C7H6O3,MD_H3O4P1,0.53333
MD_C7H7N5O1,MD_C7H5N1O1,2.16667
MD_C7H8N5O4P1,MD_H1O3P1,25.83333
MD_C8H11N1O6,MD_C8H13N1O4,0.33333
MD_C8H12N2O4S1,MD_C10H15N3O6S1,0.3
MD_C8H12N2O4S1,MD_C21H34N7O16P3S1,0.4
MD_C8H12N2O4S1,MD_C2H3N1O1,0.23333
MD_C8H12N2O4S1,MD_C5H10N2O3S1,0.06667
MD_C8H12N2O4S1,MD_S1,0.1
MD_C8H12N7O15P3S1,MD_C8H15N1O2,1.33333
MD_C8H12O7,MD_C2H6N1O3P1,0.22222
MD_C8H12O7,MD_C8H12O7,0.4000000000000001
MD_C8H12O7,MD_H1O3P1,14.72222
MD_C8H13N1O5,MD_C14H26O2,0.17241
MD_C8H13N1O5,MD_C2H2O1,0.68966
MD_C8H13N1O5,MD_C3H2O2,0.17241
MD_C8H13N1O5,MD_C3H5N1O1,0.28736
MD_C8H13N1O5,MD_C3H7O5P1,0.16092
MD_C8H13N1O5,MD_C6H10O5,1.36782
MD_C8H13N1O5,MD_C6H11O8P1,0.17241
MD_C8H13N1O5,MD_C8H14N1O8P1,0.17241
MD_C8H13N1O5,MD_C9H11N2O8P1,0.59483
MD_C8H13N1O5,MD_C9H12N2O11P2,0.18391
MD_C8H13N1O5,MD_H1N1O1,0.7931
MD_C8H13N1O5,MD_H1O3P1,11.42069
MD_C8H13N1O5,MD_H2,3.94253
MD_C8H13N1O5,MD_H2O1,5.4569
MD_C8H14N1O8P1,MD_C1O2,1.47059
MD_C8H14N1O8P1,MD_C5H9O7P1,0.45098
MD_C8H14N1O8P1,MD_C6H10O4,0.23529
MD_C8H14N1O8P1,MD_C6H11O8P1,0.11765
MD_C8H14N1O8P1,MD_C8H13N1O5,0.29412
MD_C8H14N1O8P1,MD_C8H14N1O8P1,0.05882
MD_C8H14N1O8P1,MD_C9H13N2O14P3,0.09804
MD_C8H14N1O8P1,MD_H1O3P1,15.83824
MD_C8H14O1,MD_H2,55.33333
MD_C8H15N1O2,MD_C1H2,8.83333
MD_C8H15N1O2,MD_C6H10O3,1.25
MD_C8H15N1O6,MD_C2H2O1,2.0
MD_C8H15N1O6,MD_C3H4O3,0.77778
MD_C8H15N1O6,MD_H1O3P1,14.72222
MD_C8H5N1O1,MD_C1H2,2.42857
MD_C8H5N1O1,MD_C1O2,0.97619
MD_C8H5N1O1,MD_C5H8,0.5
MD_C8H5N1O1,MD_H1N1O1,1.42857
MD_C8H5N1O1,MD_H2N1O4P1,0.14286
MD_C8H5N1O1,MD_H3N1,0.47619
MD_C8H5N1O1,MD_H3N1O1,1.64286
MD_C8H6O1,MD_H2O1,30.83333
MD_C8H8N2O1,MD_C1H2,2.38095
MD_C8H8N2O1,MD_C1O2,0.92857
MD_C8H8N2O1,MD_C5H8,0.45238
MD_C8H8N2O1,MD_H1N1O1,1.38095
MD_C8H8N2O1,MD_H2N1O4P1,0.16667
MD_C8H8N2O1,MD_H3N1,0.42857
MD_C8H8N2O1,MD_H3N1O1,1.59524
MD_C8H9N1O1,MD_C1H2,22.5
MD_C8H9N1O1,MD_C6H10O5,1.4
MD_C9H11N2O8P1,MD_C10H12N5O6P1,1.0
MD_C9H11N2O8P1,MD_C10H12N5O7P1,0.33333
MD_C9H11N2O8P1,MD_C10H13N2O7P1,0.57353
MD_C9H11N2O8P1,MD_C2H2O1,2.51471
MD_C9H11N2O8P1,MD_C34H63N1O8,0.23529
MD_C9H11N2O8P1,MD_C6H9O2P1,0.23529
MD_C9H11N2O8P1,MD_C9H12N3O7P1,0.64706
MD_C9H11N2O8P1,MD_H1O3P1,25.90588
MD_C9H11N3O7P1,MD_C1H3,0.83333
MD_C9H11N3O7P1,MD_C3H6O2,0.25
MD_C9H12N2O11P2,MD_C15H8O4,0.06667
MD_C9H12N2O11P2,MD_C22H18N2O4,0.08333
MD_C9H12N2O11P2,MD_C27H24O17,0.08333
MD_C9H12N2O11P2,MD_C3H4O3,1.425
MD_C9H12N2O11P2,MD_C9H12N2O11P2,0.06667
MD_C9H12N2O11P2,MD_H1O3P1,13.575
MD_C9H12N2O11P2,MD_H2,21.3
MD_C9H12N2O11P2,MD_H2O1,7.6875
MD_C9H12N3O7P1,MD_C2H2O1,1.9
MD_C9H12N3O7P1,MD_C3H4O3,1.2
MD_C9H12N3O7P1,MD_C6H7N2O5P1,0.76667
MD_C9H12N3O7P1,MD_H1O3P1,21.45
MD_C9H12N3O7P1,MD_H2O1,6.9
MD_C9H14N3O8P1,MD_O1,4.83333
MD_C9H14N5O12P3,MD_C10H10N2O2,0.07895
MD_C9H14N5O12P3,MD_C10H10N2O3,0.07895
MD_C9H14N5O12P3,MD_C10H15N3O5S1,0.13158
MD_C9H14N5O12P3,MD_C19H19N7O5,0.05263
MD_C9H14N5O12P3,MD_C19H21N7O5,0.08772
MD_C9H14N5O12P3,MD_C21H34N7O15P3S1,0.51754
MD_C9H14N5O12P3,MD_C4H5N1O3,0.10526
MD_C9H14N5O12P3,MD_C5H7N1O3,0.33333
MD_C9H14N5O12P3,MD_C5H9N1O1S1,0.05263
MD_C9H14N5O12P3,MD_C7H12N3O5P1,0.07895
MD_C9H14N5O12P3,MD_C7H13N2O7P1,0.0614
MD_C9H14N5O12P3,MD_C7H5N1O1,0.15789
MD_C9H14N5O12P3,MD_C7H7N1O1,0.05263
MD_C9H14N5O12P3,MD_C9H13N4O7P1,0.0614
MD_C9H14N5O12P3,MD_C9H14N5O7P1,0.0614
MD_C9H14N5O12P3,MD_C9H16N5O13P3,0.05263
MD_C9H14N5O12P3,MD_H1N1O2,0.11404
MD_C9H14N5O12P3,MD_H1O3P1,2.35965
MD_C9H14N5O12P3,MD_O1,1.30702
MD_C9H15N1O4,MD_C2H2O1,8.33333
MD_C9H6O2,MD_C14H24N7O10P3S1,0.125
MD_C9H6O2,MD_C14H26N7O11P3S1,0.125
MD_C9H6O2,MD_C15H30N7O13P3S1,0.125
MD_C9H6O2,MD_C15H30N7O14P3S1,0.13889
MD_C9H6O2,MD_C16H30N7O15P3S1,0.13889
MD_C9H6O2,MD_C21H34N7O15P3S1,0.91667
MD_C9H6O2,MD_C21H34N7O16P3S1,0.26389
MD_C9H6O2,MD_C2H2O1,0.76389
MD_C9H6O2,MD_C3H2O3,0.25
MD_C9H6O2,MD_C6H10O5,1.54167
MD_C9H6O2,MD_H2,5.0
MD_C9H6O2,MD_O1,2.09722
MD_C9H6O3,MD_C14H24N7O10P3S1,0.08333
MD_C9H6O3,MD_C14H26N7O11P3S1,0.08333
MD_C9H6O3,MD_C15H30N7O13P3S1,0.08333
MD_C9H6O3,MD_C1H2,1.51667
MD_C9H6O3,MD_C21H34N7O15P3S1,0.95
MD_C9H6O3,MD_C21H34N7O16P3S1,0.25
MD_C9H6O3,MD_C3H2O3,0.23333
MD_C9H6O3,MD_C6H10O5,1.83333
MD_C9H6O3,MD_C7H10O5,0.06667
MD_C9H6O3,MD_H2,5.56667
MD_C9H8O2,MD_C9H8O3,0.25
MD_C9H8O2,MD_H2,29.58333
MD_F1H1O1,MD_H1O1Cl1,1.5
MD_H1,MD_C10H12N5O6P1,1.38889
MD_H1,MD_C6H7N2O1,0.58333
MD_H1,MD_H1O1,0.69444
MD_H1,MD_H1O3P1,7.58333
MD_H1,MD_H2N1,0.58333
MD_H1,MD_H2O1,3.38889
MD_H1Cl1,MD_C10H16N3O6S1Cl1,0.29167
MD_H1Cl1,MD_H1O1Cl1,0.29167
MD_H1Cl1,MD_H2,14.75
MD_H1Cl1,MD_H2O1,39.16667
MD_H1I1,MD_H3N1O1,12.83333
MD_H1N1,MD_C10H14N5O13P3,0.13889
MD_H1N1,MD_C5H9O7P1,0.63889
MD_H1N1,MD_C6H11O8P1,0.16667
MD_H1N1,MD_H1N1O1,1.63889
MD_H1N1,MD_H1O3P1,7.38889
MD_H1N1,MD_H2O1,5.19444
MD_H1N1O1,MD_C10H12N5O6P1,0.16889
MD_H1N1O1,MD_C15H23N5O16P3,0.26222
MD_H1N1O1,MD_C1H2,2.05
MD_H1N1O1,MD_C1H3,0.28444
MD_H1N1O1,MD_C1H4N1O5P1,0.10222
MD_H1N1O1,MD_C1O1,0.12889
MD_H1N1O1,MD_C1O2,0.57333
MD_H1N1O1,MD_C2H2O1,0.46222
MD_H1N1O1,MD_C2H3N1O1,0.9
MD_H1N1O1,MD_C3H2O2,0.26222
MD_H1N1O1,MD_C4H5N1O3,0.63
MD_H1N1O1,MD_C4H6N1O2P1,0.12
MD_H1N1O1,MD_C4H6O1,0.25333
MD_H1N1O1,MD_C5H10O7P1,0.25778
MD_H1N1O1,MD_C5H8O3,0.27556
MD_H1N1O1,MD_C5H8O4,1.088
MD_H1N1O1,MD_C5H9O4,0.26222
MD_H1N1O1,MD_C5H9O7P1,0.77
MD_H1N1O1,MD_C6H10O3S1,0.25778
MD_H1N1O1,MD_C6H11O5,0.25333
MD_H1N1O1,MD_C8H13N1O5,0.30667
MD_H1N1O1,MD_C9H12N5O4P1,0.10222
MD_H1N1O1,MD_H1N1,0.26222
MD_H1N1O1,MD_H1N1O2,0.28444
MD_H1N1O1,MD_H1O1Cl1,0.26667
MD_H1N1O1,MD_H1O3P1,29.04
MD_H1N1O1,MD_H2,6.38
MD_H1N1O1,MD_H2N1O4P1,0.12
MD_H1N1O1,MD_H2O1,9.94286
MD_H1N1O1,MD_H2O6P2,2.84444
MD_H1N1O1,MD_H3N1O5P2,0.10222
MD_H1N1O1,MD_O1,4.44444
MD_H1N1O2,MD_C1O2,2.22222
MD_H1N1O2,MD_C3H6O1,0.27778
MD_H1N1O2,MD_C4H8O1,0.25
MD_H1N1O2,MD_C7H6O2,0.25
MD_H1N1O2,MD_H2,10.0
MD_H1N1O2,MD_H2O1,19.1
MD_H1N1O3S2,MD_C28H39N6O13P1S2,1.0
MD_H1N1O3S2,MD_C33H46N7O16P1S2,1.0
MD_H1O1,MD_C1H2,2.14286
MD_H1O1,MD_C24H39N7O16P3S1,0.57143
MD_H1O1,MD_H1,0.42857
MD_H1O1,MD_H1O1,0.2381
MD_H1O1,MD_H2N1,0.28571
MD_H1O1,MD_H2O3P1,0.33333
MD_H1O1,MD_N1,0.40476
MD_H1O1Cl1,MD_C21H34N7O15P3S1,1.72222
MD_H1O1Cl1,MD_C2H5N1O1,0.11111
MD_H1O1Cl1,MD_C5H4O2,0.19444
MD_H1O1Cl1,MD_H1Cl1,0.27778
MD_H1O1Cl1,MD_H1O1Cl1,0.27778
MD_H1O1Cl1,MD_H2,33.4
MD_H1O1P1S1,MD_C1O2,1.625
MD_H1O1P1S1,MD_C21H34N7O16P3S1,0.54167
MD_H1O1P1S1,MD_H2,13.83333
MD_H1O1P1S1,MD_O1,6.04167
MD_H1O3P1,MD_C10H12N5O6P1,3.17073
MD_H1O3P1,MD_C10H12N5O7P1,3.89895
MD_H1O3P1,MD_C10H13N2O7P1,0.97317
MD_H1O3P1,MD_C10H13N5O9P2,0.99146
MD_H1O3P1,MD_C10H14N5O12P3,0.97683
MD_H1O3P1,MD_C10H14N5O13P3,0.43252
MD_H1O3P1,MD_C13H14N2O3P2,0.43089
MD_H1O3P1,MD_C1H1N1O1,0.4439
MD_H1O3P1,MD_C1H2,2.11902
MD_H1O3P1,MD_C1H2N2,0.44065
MD_H1O3P1,MD_C1H2O2,0.42927
MD_H1O3P1,MD_C1H2O3,0.44715
MD_H1O3P1,MD_C1H3,1.33171
MD_H1O3P1,MD_C1H3O6P1,0.43089
MD_H1O3P1,MD_C1H4O8P2,0.25203
MD_H1O3P1,MD_C1O2,4.48432
MD_H1O3P1,MD_C20H32,0.26016
MD_H1O3P1,MD_C2H2O1,4.47387
MD_H1O3P1,MD_C2H6N1O3P1,0.43252
MD_H1O3P1,MD_C3H3N1O1,0.43089
MD_H1O3P1,MD_C3H3N1O2,0.43252
MD_H1O3P1,MD_C3H4O2,0.25528
MD_H1O3P1,MD_C3H4O3,3.15447
MD_H1O3P1,MD_C3H5N1O1,0.44715
MD_H1O3P1,MD_C3H5N1O1S1,0.43415
MD_H1O3P1,MD_C3H5N1O2,0.44715
MD_H1O3P1,MD_C3H6O2,1.32073
MD_H1O3P1,MD_C3H7O6P1,1.00244
MD_H1O3P1,MD_C43H87O5P1,0.43089
MD_H1O3P1,MD_C4H2N2O1,0.26016
MD_H1O3P1,MD_C4H3N2O1,0.25041
MD_H1O3P1,MD_C4H3N3,0.25691
MD_H1O3P1,MD_C4H5N1O2,0.42927
MD_H1O3P1,MD_C4H5N1O3,0.43902
MD_H1O3P1,MD_C4H6O1,0.42927
MD_H1O3P1,MD_C5H10O4,0.42927
MD_H1O3P1,MD_C5H2N4,0.25366
MD_H1O3P1,MD_C5H2N4O1,0.56707
MD_H1O3P1,MD_C5H3N5,0.25203
MD_H1O3P1,MD_C5H3N5O1,1.32805
MD_H1O3P1,MD_C5H4O1,0.43089
MD_H1O3P1,MD_C5H8,1.02805
MD_H1O3P1,MD_C5H8O4,0.4439
MD_H1O3P1,MD_C5H9N1O1S1,0.43089
MD_H1O3P1,MD_C5H9O7P1,2.30894
MD_H1O3P1,MD_C6H10O5,6.05671
MD_H1O3P1,MD_C6H11O8P1,1.56293
MD_H1O3P1,MD_C6H4N1O1,0.25203
MD_H1O3P1,MD_C6H4O1,0.43252
MD_H1O3P1,MD_C6H5N2,0.25203
MD_H1O3P1,MD_C6H5N4O1,0.25041
MD_H1O3P1,MD_C6H5N5O1,0.25041
MD_H1O3P1,MD_C6H7N1O3P1S1,1.31341
MD_H1O3P1,MD_C6H7N2O1,0.25366
MD_H1O3P1,MD_C6H9O2P1,0.43089
MD_H1O3P1,MD_C7H4O1,0.43089
MD_H1O3P1,MD_C7H6O1,0.9878
MD_H1O3P1,MD_C8H13N1O5,0.44878
MD_H1O3P1,MD_C8H14N1O8P1,0.43252
MD_H1O3P1,MD_C92H172N3O25P1,0.43089
MD_H1O3P1,MD_C9H12N3O7P1,3.0813
MD_H1O3P1,MD_C9H13N2O14P3,0.43252
MD_H1O3P1,MD_C9H14N3O8P1,0.43252
MD_H1O3P1,MD_C9H14N5O12P3,0.25854
MD_H1O3P1,MD_H1,0.45854
MD_H1O3P1,MD_H1N1,0.43252
MD_H1O3P1,MD_H1N1O1,7.53366
MD_H1O3P1,MD_H1O1P1S1,0.25203
MD_H1O3P1,MD_H1O1P1S2,0.43089
MD_H1O3P1,MD_H1O3P1,42.69934
MD_H1O3P1,MD_H2,40.51568
MD_H1O3P1,MD_H2O1,26.15049
MD_H1O3P1,MD_H2O3S1,0.25203
MD_H1O3P1,MD_H2O6P2,5.22439
MD_H1O3P1,MD_H3N1,0.25854
MD_H1O3P1,MD_H3N1O1,4.88153
MD_H1O3P1,MD_H3O4P1,2.95935
MD_H1O3P1,MD_H4O7P2,0.2878
MD_H1O3P1,MD_H5O5P1,0.42927
MD_H1O3P1,MD_O1,10.27716
MD_H1O3P1,MD_O3S1,0.44878
MD_H1O3P1,MD_O3Se1,0.43252
MD_H1O3P1,MD_O5P2,0.25203
MD_H1O3S1,MD_H1O3S1,0.16667
MD_H1O3S1,MD_H1O3S2,0.41667
MD_H1O4P1S1,MD_H1O1P1S2,0.33333
MD_H1O4P1S1,MD_H3N1O1,6.58333
MD_H1S1,MD_H1O3S1,0.33333
MD_H1S1,MD_H1O3S2,0.5
MD_H2,MD_C10H10N2O2,0.46779
MD_H2,MD_C10H10N2O3,0.46779
MD_H2,MD_C10H14N5O7P1,0.4958
MD_H2,MD_C10H15N3O5S1,1.07143
MD_H2,MD_C10H15N3O6S1,0.46359
MD_H2,MD_C10H17N3O6S1,0.47339
MD_H2,MD_C11H10O4,0.46359
MD_H2,MD_C15H22O2,0.4958
MD_H2,MD_C16H24O2,0.4944
MD_H2,MD_C16H30O1,0.46779
MD_H2,MD_C17H21N1O3,0.4944
MD_H2,MD_C17H26O2,0.4944
MD_H2,MD_C19H19N7O5,0.46359
MD_H2,MD_C19H21N7O5,0.46919
MD_H2,MD_C1H1N1O1,0.47619
MD_H2,MD_C1H2,12.22116
MD_H2,MD_C1H2O1,1.79622
MD_H2,MD_C1H2O2,2.9294099999999994
MD_H2,MD_C1H2S1,0.4958
MD_H2,MD_C1O2,11.37892
MD_H2,MD_C20H32,1.06197
MD_H2,MD_C21H34N7O15P3S1,15.37995
MD_H2,MD_C29H31N1O10,0.4958
MD_H2,MD_C29H31N1O9,0.4958
MD_H2,MD_C2H2O1,13.58824
MD_H2,MD_C2H4O1,1.06197
MD_H2,MD_C2H4O2,1.85924
MD_H2,MD_C2H4O2S2,0.4986
MD_H2,MD_C2H6O3S2,0.4944
MD_H2,MD_C2H8N1O4P1,0.4958
MD_H2,MD_C34H32N4O4,0.4944
MD_H2,MD_C3H10N2O1,0.4972
MD_H2,MD_C3H2O2,1.13761
MD_H2,MD_C3H4O1,0.5
MD_H2,MD_C3H4O3,4.17367
MD_H2,MD_C3H6N2O1,0.4958
MD_H2,MD_C3H6O3,1.78992
MD_H2,MD_C3H7O6P1,2.94454
MD_H2,MD_C4H12N2O1,0.4958
MD_H2,MD_C4H2O4,0.4944
MD_H2,MD_C4H4O2,0.4972
MD_H2,MD_C4H4O4,0.4972
MD_H2,MD_C4H5N1,0.46779
MD_H2,MD_C4H5N1O3,0.47199
MD_H2,MD_C4H6O2,0.4958
MD_H2,MD_C55H75N15O10Co1,0.4986
MD_H2,MD_C5H10O1,0.46499
MD_H2,MD_C5H4O2,0.4986
MD_H2,MD_C5H7N1,0.46779
MD_H2,MD_C5H7N1O3,1.14391
MD_H2,MD_C5H8,0.48739
MD_H2,MD_C5H9N1O1S1,0.46359
MD_H2,MD_C5H9O7P1,0.52241
MD_H2,MD_C6H10O5,8.90196
MD_H2,MD_C6H8O6,2.88908
MD_H2,MD_C7H12N3O5P1,0.46779
MD_H2,MD_C7H13N2O7P1,0.46499
MD_H2,MD_C7H4O1,0.4958
MD_H2,MD_C7H5N1O1,1.81828
MD_H2,MD_C7H7N1O1,0.46359
MD_H2,MD_C8H15N1O2,0.5042
MD_H2,MD_C8H4O3,0.46499
MD_H2,MD_C8H5N1O1,0.46779
MD_H2,MD_C9H13N4O7P1,0.46499
MD_H2,MD_C9H14N5O7P1,0.46499
MD_H2,MD_C9H15N4O8P1,0.4958
MD_H2,MD_C9H16N5O13P3,0.46779
MD_H2,MD_C9H6O1,0.4944
MD_H2,MD_C9H6O2,0.47339
MD_H2,MD_F1H1O1,0.46639
MD_H2,MD_H1,0.51961
MD_H2,MD_H10,0.4944
MD_H2,MD_H1Br1,0.46359
MD_H2,MD_H1N1O2,1.06513
MD_H2,MD_H1O1,0.4972
MD_H2,MD_H1O1Cl1,0.5042
MD_H2,MD_H1O1X1,0.4944
MD_H2,MD_H1O3P1,27.22689
MD_H2,MD_H1O3S1,0.4958
MD_H2,MD_H1O4P1,1.80882
MD_H2,MD_H2,105.66656
MD_H2,MD_H2Co1,0.4986
MD_H2,MD_H2Ni1,0.4958
MD_H2,MD_H2O1,57.56944
MD_H2,MD_H2O2,1.16282
MD_H2,MD_H2O6P2,0.52101
MD_H2,MD_H3N1,1.84034
MD_H2,MD_H3N1O1,10.21008
MD_H2,MD_H3O4P1,1.07143
MD_H2,MD_H4,4.01961
MD_H2,MD_H6,0.4944
MD_H2,MD_H8,0.4958
MD_H2,MD_O1,28.39572
MD_H2,MD_O2S1,0.46639
MD_H2,MD_O3S1,5.19508
MD_H2,MD_S1Sn1,0.5014
MD_H2Co1,MD_C1H2,15.16667
MD_H2Fe1,MD_H2Co1,0.44444
MD_H2Fe1,MD_H2Mg1,0.5
MD_H2Fe1,MD_H2Ni1,0.33333
MD_H2I2,MD_H1I1,0.08333
MD_H2I2,MD_H3N1O1,6.41667
MD_H2Mg1,MD_C1H2,8.58333
MD_H2Mg1,MD_C2H2O2,1.25
MD_H2N1O4P1,MD_C2H3N1O1,2.0
MD_H2Ni1,MD_H2N2O2,0.66667
MD_H2O1,MD_C10H15N3O5S1,0.59327
MD_H2O1,MD_C10H17N3O6S1,2.11376
MD_H2O1,MD_C10H8O3,0.56575
MD_H2O1,MD_C14H24N7O10P3S1,0.56881
MD_H2O1,MD_C14H26N7O11P3S1,0.56881
MD_H2O1,MD_C15H30N7O13P3S1,0.56881
MD_H2O1,MD_C15H30N7O14P3S1,0.57187
MD_H2O1,MD_C16H30N7O15P3S1,0.57187
MD_H2O1,MD_C1H1N1O1,0.59327
MD_H2O1,MD_C1H2,6.4526
MD_H2O1,MD_C1H2O2,0.11927
MD_H2O1,MD_C1O2,8.38073
MD_H2O1,MD_C21H34N7O15P3S1,10.44648
MD_H2O1,MD_C21H34N7O16P3S1,0.59939
MD_H2O1,MD_C21H41N5O12,0.56881
MD_H2O1,MD_C2H2O1,0.70948
MD_H2O1,MD_C2H4,0.61774
MD_H2O1,MD_C2H4O2,2.05734
MD_H2O1,MD_C2H6O3S2,0.56881
MD_H2O1,MD_C3H2O2,0.36391
MD_H2O1,MD_C3H4O3,0.63303
MD_H2O1,MD_C3H6O1,0.57187
MD_H2O1,MD_C3H6O2,0.3578
MD_H2O1,MD_C4H8O1,0.56881
MD_H2O1,MD_C4O8,0.56881
MD_H2O1,MD_C6H10O5,0.88991
MD_H2O1,MD_C6H14N2O2,0.56575
MD_H2O1,MD_C7H6O2,0.56881
MD_H2O1,MD_C9H11N2O8P1,0.11009
MD_H2O1,MD_C9H11N5O1,0.34862
MD_H2O1,MD_C9H12N2O11P2,0.02752
MD_H2O1,MD_C9H14N3O9P1,0.57492
MD_H2O1,MD_H1Cl1,0.57187
MD_H2O1,MD_H1N1O1,3.83119
MD_H2O1,MD_H1O3P1,9.58716
MD_H2O1,MD_H2,142.93142
MD_H2O1,MD_H2O1,20.24239
MD_H2O1,MD_H2O2,0.58104
MD_H2O1,MD_H3,0.04893
MD_H2O1,MD_H3Cl1,1.27982
MD_H2O1,MD_H3N1,0.81193
MD_H2O1,MD_H3N1O1,2.8513800000000002
MD_H2O1,MD_H4O7P2,1.86468
MD_H2O1,MD_O1,10.33142
MD_H2O2,MD_C2H4O2,0.95833
MD_H2O2,MD_H1O1,0.91667
MD_H2O2,MD_H2O1,1.125
MD_H2O2,MD_O1,6.5
MD_H2O3,MD_H2O1,19.33333
MD_H2O3S1,MD_H1O3P1,22.08333
MD_H2O3S1,MD_H2O1,0.66667
MD_H2O6P2,MD_C10H11N4O8P1,0.12568
MD_H2O6P2,MD_C10H12N5O6P1,0.43716
MD_H2O6P2,MD_C10H13N5O9P2,0.25137
MD_H2O6P2,MD_C10H14N5O12P3,0.2459
MD_H2O6P2,MD_C10H14N5O13P3,0.12568
MD_H2O6P2,MD_C1H1N1O1,0.27869
MD_H2O6P2,MD_C1O2,0.62295
MD_H2O6P2,MD_C2H2O1,0.4153
MD_H2O6P2,MD_C3H4,0.22951
MD_H2O6P2,MD_C4H5N1O3,0.14754
MD_H2O6P2,MD_C4H6O1,0.11475
MD_H2O6P2,MD_C5H3N5O1,0.25137
MD_H2O6P2,MD_C5H8,0.3224
MD_H2O6P2,MD_C5H9O7P1,2.02186
MD_H2O6P2,MD_C6H11O8P1,0.13115
MD_H2O6P2,MD_C6H8N1S1,0.12568
MD_H2O6P2,MD_C7H4O1,0.23497
MD_H2O6P2,MD_C9H13N2O14P3,0.24044
MD_H2O6P2,MD_H1N1,0.12568
MD_H2O6P2,MD_H1N1O1,3.00546
MD_H2O6P2,MD_H1O3P1,43.89344
MD_H2O6P2,MD_H2,4.57377
MD_H2O6P2,MD_H2O1,11.41686
MD_H2O6P2,MD_H4O7P2,2.7540999999999998
MD_H2O6P2,MD_O1,2.40984
MD_H2O6P2,MD_O3Se1,0.24044
MD_H2O7P2,MD_C2H4,0.91667
MD_H2O7P2,MD_H2O6P2,1.83333
MD_H2O7P2,MD_H2O7P2,0.125
MD_H2O7P2,MD_H4O7P2,3.79167
MD_H3,MD_H3,0.16667
MD_H3,MD_N1,0.75
MD_H3N1,MD_C11H12N5O8P1,0.04242
MD_H3N1,MD_C15H30O1,0.10909
MD_H3N1,MD_C1H2O2,0.24848
MD_H3N1,MD_C1O2,1.21364
MD_H3N1,MD_C20H30O1,0.10303
MD_H3N1,MD_C21H34N7O15P3S1,0.45455
MD_H3N1,MD_C27H20N2O12,0.12727
MD_H3N1,MD_C28H38N5O13P1,0.10909
MD_H3N1,MD_C2H2O1,0.38788
MD_H3N1,MD_C3H2N2O1,0.10303
MD_H3N1,MD_C43H71O5P1,0.10909
MD_H3N1,MD_C43H87O5P1,0.10909
MD_H3N1,MD_C4H7N1O1S1,0.12121
MD_H3N1,MD_C4H7N1O1Se1,0.11515
MD_H3N1,MD_C6H10O5,0.49091
MD_H3N1,MD_C8H5N1O1,0.12121
MD_H3N1,MD_H1N1O1,1.03636
MD_H3N1,MD_H1O3P1,11.39394
MD_H3N1,MD_H2,38.22545
MD_H3N1,MD_H2O1,4.34182
MD_H3N1,MD_H3N1O1,1.30909
MD_H3N1,MD_H4,0.18182
MD_H3N1,MD_O1,0.69545
MD_H3N1,MD_O1S1,0.10303
MD_H3N1O1,MD_C10H12N5O6P1,0.35135
MD_H3N1O1,MD_C1H1N1O1,0.58108
MD_H3N1O1,MD_C1H2,5.0
MD_H3N1O1,MD_C1H2N2,0.9081100000000001
MD_H3N1O1,MD_C1H2O1,0.80405
MD_H3N1O1,MD_C1H2O2,0.68243
MD_H3N1O1,MD_C1H2O3,0.23123
MD_H3N1O1,MD_C1O2,7.85012
MD_H3N1O1,MD_C20H34N7O14P3S1,0.66892
MD_H3N1O1,MD_C21H34N7O15P3S1,0.37237
MD_H3N1O1,MD_C21H34N7O16P3S1,0.82432
MD_H3N1O1,MD_C23H38N7O17P3S1,0.24925
MD_H3N1O1,MD_C2H2O1,6.74447
MD_H3N1O1,MD_C2H3N1O3S2,0.24024
MD_H3N1O1,MD_C2H4,1.95195
MD_H3N1O1,MD_C2H4O2,0.22823
MD_H3N1O1,MD_C3H4O2,0.20721
MD_H3N1O1,MD_C3H4O3,0.3003
MD_H3N1O1,MD_C3H5N1O1,0.23423
MD_H3N1O1,MD_C3H5N1O2,0.22823
MD_H3N1O1,MD_C3H6O2,0.24324
MD_H3N1O1,MD_C3H7O6P1,0.24925
MD_H3N1O1,MD_C4H4O5,0.24324
MD_H3N1O1,MD_C4H6O3,0.24324
MD_H3N1O1,MD_C4H8O2,0.23123
MD_H3N1O1,MD_C5H10O2,0.23123
MD_H3N1O1,MD_C5H4O4,0.23123
MD_H3N1O1,MD_C5H7N1O3,0.73649
MD_H3N1O1,MD_C5H8,0.28228
MD_H3N1O1,MD_C6H10O1,0.23423
MD_H3N1O1,MD_C6H7N3O1,0.24024
MD_H3N1O1,MD_C8H10N2O2S1,0.23123
MD_H3N1O1,MD_C9H11N1O3,0.2012
MD_H3N1O1,MD_C9H12N3O7P1,0.60135
MD_H3N1O1,MD_C9H14N2O4S1,0.2012
MD_H3N1O1,MD_C9H9N1O1,0.23423
MD_H3N1O1,MD_H1N1O1,0.3994
MD_H3N1O1,MD_H1N1O2,0.25225
MD_H3N1O1,MD_H1O1Cl1,0.21922
MD_H3N1O1,MD_H1O3P1,7.22008
MD_H3N1O1,MD_H1O4P1,0.80405
MD_H3N1O1,MD_H2,45.94595
MD_H3N1O1,MD_H2O1,7.374520000000001
MD_H3N1O1,MD_H3N1O1,0.75
MD_H3N1O1,MD_O1,6.36149
MD_H3N1O1,MD_Se1,0.2042
MD_H3N1O2S1,MD_H3N1O1,13.0
MD_H3N1O5P2,MD_H1N1O1,4.83333
MD_H3N1O5P2,MD_H1O3P1,22.08333
MD_H3O4P1,MD_C10H17N3O6S1,0.47222
MD_H3O4P1,MD_C3H2O2,0.44444
MD_H3O4P1,MD_C3H6O2,0.38889
MD_H3O4P1,MD_H2,9.44444
MD_H3O4P1,MD_H3N1O1,2.08333
MD_H3O4P1,MD_H3O4P1,0.27778
MD_H3O9P3,MD_H1O3P1,14.77778
MD_H3O9P3,MD_H2O1,10.44444
MD_H3O9P3,MD_H2O6P2,2.5
MD_H4,MD_C2H2O1,1.53333
MD_H4,MD_C5H10O1,0.51111
MD_H4,MD_C5H8O1,0.53333
MD_H4,MD_H2,82.0
MD_H4,MD_H2O1,10.3
MD_H4,MD_H4,1.1
MD_H4,MD_H5O10P3,0.53333
MD_H4N1O3P1,MD_C1H2,5.61111
MD_H4N1O3P1,MD_C3H5N1O2,0.77778
MD_H4N1O3P1,MD_C9H12N3O7P1,1.38889
MD_H4N2O1,MD_C1O2,1.0
MD_H4N2O1,MD_C2H2O3,0.14103
MD_H4N2O1,MD_C2H3N1O1,0.19231
MD_H4N2O1,MD_C3H2O3,0.20513
MD_H4N2O1,MD_C3H5N1O1,0.23077
MD_H4N2O1,MD_C4H10N2O1,0.08974
MD_H4N2O1,MD_C4H4O3,0.15385
MD_H4N2O1,MD_C4H7N1O1,0.14103
MD_H4N2O1,MD_C5H10N2O1,0.14103
MD_H4N2O1,MD_C5H12N4O1,0.07692
MD_H4N2O1,MD_C7H17N3O1,0.08974
MD_H4N2O1,MD_C8H12N2O3,0.08974
MD_H4N2O1,MD_H2O1,2.4359
MD_H4O1,MD_H2,58.83333
MD_H4O2,MD_H2O1,30.83333
MD_H4O7P2,MD_H10,1.48333
MD_H4O7P2,MD_H1N1O1,2.41667
MD_H4O7P2,MD_H2,26.459999999999997
MD_H4O7P2,MD_H2O1,10.1625
MD_H4O7P2,MD_H2O6P2,2.13333
MD_H4O7P2,MD_H4,1.83333
MD_H4O7P2,MD_H4O7P2,5.34
MD_H4O7P2,MD_H6,3.45
MD_H4O7P2,MD_H8,3.4125
MD_H4O7P2,MD_O1,8.7
MD_H5N1,MD_C2H4O2,0.79167
MD_H5N1,MD_C4H6O4,0.125
MD_H5N1,MD_H2O1,7.75
MD_H5N1,MD_O1,6.04167
MD_H5O10P3,MD_H2O1,15.58333
MD_H5O10P3,MD_H2O6P2,3.66667
MD_H6,MD_C10H2O5P2,0.11111
MD_H6,MD_C7H4O5P2,0.11111
MD_H6,MD_H2,56.6
MD_H6,MD_H2Mg1,0.19444
MD_H6,MD_H2O1,3.22222
MD_H8,MD_C5H10O1,0.16667
MD_H8,MD_C5H8O1,0.20833
MD_H8,MD_H2O1,7.79167
MD_H8,MD_H4,0.95833
MD_N1O1,MD_C4H10O5P1,0.33333
MD_N1O1,MD_H1O3P1,22.16667
MD_O1,MD_C10H12N5O7P1,0.39098
MD_O1,MD_C10H17N3O6S1,0.8515
MD_O1,MD_C14H24N7O10P3S1,0.36341
MD_O1,MD_C14H26N7O11P3S1,0.36341
MD_O1,MD_C15H30N7O13P3S1,0.36341
MD_O1,MD_C17H28N2O12S1,0.3609
MD_O1,MD_C1H2,9.47368
MD_O1,MD_C1H2O2,0.42105
MD_O1,MD_C1H2O3,0.38847
MD_O1,MD_C1H5N1O1,0.36341
MD_O1,MD_C1O2,5.05263
MD_O1,MD_C21H34N7O15P3S1,3.81847
MD_O1,MD_C21H34N7O16P3S1,0.38847
MD_O1,MD_C2H2O1,0.18546
MD_O1,MD_C2H4O1,0.37594
MD_O1,MD_C2H4O2,0.40351
MD_O1,MD_C2H5N1O2,1.32632
MD_O1,MD_C2H5O4P1,0.36591
MD_O1,MD_C2H7N1O1,0.3609
MD_O1,MD_C2H8N1O4P1,0.36341
MD_O1,MD_C30H43N6O15P1,0.36591
MD_O1,MD_C3H10N1,0.3609
MD_O1,MD_C3H10N2O1,0.36591
MD_O1,MD_C3H3N1O2,0.36591
MD_O1,MD_C3H4O3,3.4539500000000003
MD_O1,MD_C3H7O6P1,2.04261
MD_O1,MD_C4H12N2O1,0.36341
MD_O1,MD_C4H5N1O3,0.37343
MD_O1,MD_C5H8O3,0.37343
MD_O1,MD_C5H8O4,0.38346
MD_O1,MD_C5H9N1O3,0.38095
MD_O1,MD_C5H9O7P1,0.41103
MD_O1,MD_C6H10O5,2.4812
MD_O1,MD_C6H8O6,0.08772
MD_O1,MD_C7H12N5O12P3,0.36341
MD_O1,MD_C7H6O1,0.36591
MD_O1,MD_C8H9N1O1,0.36341
MD_O1,MD_H1N1,0.36591
MD_O1,MD_H1N1O1,2.50627
MD_O1,MD_H1N1O2,0.8515
MD_O1,MD_H1O1Cl1,0.37845
MD_O1,MD_H1O3P1,21.573580000000003
MD_O1,MD_H1O4P1,0.94737
MD_O1,MD_H1S1,0.36591
MD_O1,MD_H2,64.07686
MD_O1,MD_H2O1,11.31429
MD_O1,MD_H2O6P2,1.18985
MD_O1,MD_H3,0.07018
MD_O1,MD_H3N1,0.90226
MD_O1,MD_H3N1O1,3.54458
MD_O1,MD_H3O9P3,0.07519
MD_O1,MD_H4,0.41353
MD_O1,MD_H4N1O3P1,0.36591
MD_O1,MD_H5O10P3,0.36591
MD_O1,MD_O1,0.89662
MD_O1,MD_O1Br1Cl1,0.3609
MD_O1,MD_O1Cl2,0.36341
MD_O1,MD_O3,0.37594
MD_O1S1,MD_C10H15N3O6S1,0.02083
MD_O1S1,MD_C2H2O2S1,0.125
MD_O1S1,MD_C2H3N1O1,0.20833
MD_O1S1,MD_C3H5N1O2,0.25
MD_O1S1,MD_C3H5N1O2S1,0.02083
MD_O1S1,MD_H1O4P1S1,0.0625
MD_O1S1,MD_H3N1O1,1.375
MD_O1S1,MD_O3,0.02083
MD_O2S2,MD_H2O6P2,3.83333
MD_O3,MD_C1H2O1,0.26667
MD_O3,MD_C1H2S1,0.26667
MD_O3,MD_H1O3S1,0.26667
MD_O3,MD_H3N1O1,2.56667
MD_O3,MD_S1Sn1,0.4
MD_O3S1,MD_C16H30O1,0.46667
MD_O3S1,MD_C18H34O1,0.46667
MD_O3S1,MD_C6H8O6,0.7
MD_O3S1,MD_C9H15N1O4,0.5
MD_O3S1,MD_O3S1,2.16667
MD_O3Se1,MD_C10H12N5O6P1,1.58333
MD_O3Se1,MD_H1O3P1,22.16667
MD_S1,MD_H2,55.5
MD_Se1,MD_C1H2,7.5
MD_Se1,MD_C4H7N1O2,1.08333
